sha256	purpose	territories	subject
002393fa0a6825f77ef686e208620b97177791f02f07db2518480fbe37ce7bd8	signer	ES	Sectigo Qualified Website Authentication CA R35
00463b300e50172d6c96c5016cf372800d9a2f0f629a015b4853657b25ae8d0e	signer	EL	APED Qualified eSignature Issuing CA
0083aea38c7d03cda5c6482b3c2f351e273dfcefa2d940883d7f9f83edb89560	signer	DE	SIGN8 QES SEAL CA 03
009dbad686cecd81d13acac4f673dcba5eeb789e63173cde136cb2880c1dce79	signer	ES	EADTrust RSA 4096 SubCA For Qualified Web EV/PSD2 Cert 2019
00c367a774b7ce9a0f791342383f865f2af6cd37674b85167e6f239e313d60bb	signer	ES	Sectigo Qualified Website Authentication CA Natural E39
00fdd4171e9ce8b1ef5001b3c9a692b4a1d7e7ffb6c213cc7e7c42ef1c339e7d	signer	RO	CERTDIGITAL QUALIFIED CA G4
00ff2ff2efba98c6b023ad1035559a606dd9fc48a39d3407cc07a678379a7909	signer	ES	UANATACA CA2 2016
0126a4fbf0c31df9d66367693669a9782ecc475eb25ccb46b207d8b01a0e8dbe	signer	IT	Comune di Livorno Firma digitale
012e7fa627d3ab6ed00496a8bd3c7a35b7a195abe13e45d95363fa85acf245c4	signer	AT	GLOBALTRUST 2015 QUALIFIED 1
02287e94b50d1fda51a0b91bc3b2e9288b04d174be0be416c06a35bc2792f51c	signer	SI	SI-TRUST eID Podpis
027466ad7f9063e00be76126ab870035c20e1fcb89b3247766c841bd5272326f	signer	EL	ADACOM CA for EU Qualified e-Signatures
028b0acfef6efc8fe71f68619db780363ece5e0079377569b670f636f0921d64	signer	PL	COPE SZAFIR - Kwalifikowany
02c4a300a09c1b893b11f9567659af95bbb9bbe7953893e36c5baf17b555cee3	signer	FR	Certigna Identity Plus CA
02d98a398506c6fd7d8b10ea8b9041fb2e4e7f850c78eeeebd8149926e9fefd0	signer	IT	Zucchetti Qualified Electronic Signature CA 2
03e1aaef72329b4da1fcf0ba75fcb7b2f2f34b25aade701aaaeacc0f65a3b4c4	signer	NL	Digidentity Personal Qualified CA
0414b95412a98b2d9c8bdd671672199d7a9ce5b97f69073801adcbe0ded97b41	signer	ES	EADTrust ECC 384 SubCA For Qualified Certificates 2019
046bdd0835075a19a38f9dfb25b3564dbd83e3c9a2eb56919731c22b5409952a	signer	RO	CertDigital NonRepudiation CA Class 4 G2
04bf1da6d0168bdd3f2dec2e22c50d558bde5c7cc9516c83cb6393352a9f0f9c	signer	ES	EADTrust RSA 4096 SubCA For Qualified Certificates 2019
04e15a53993e632fbfa4eff8f2deafa918137754cb99de76db0cb8cfe738f404	signer	PT	EC de Chave Móvel Digital de Assinatura Digital Qualificada do Cartão de Cidadão 00005
053aa9ae51a7b609cc961e58bdfd9e85b60e973adf44aec3f02358587c3031b7	signer	IT	Ministero della Difesa - CA di Firma Digitale
05461634195849a1bccc99264912054fdeb987a52e661312ae9cca3e3ed8d318	signer	ES	Sectigo Qualified Website Authentication CA E39
0573232e057703aaea03141d12e20eae99b56f984d621b4e360dc08353c4c95c	signer	IT	Intesa SpA - eIDAS Qualified Trust Services
05b0258ec83ad20e230a45068e2c821c1c48bf793b32c3d7596d87544f0c1b68	signer	BE	itsme Sign Biometric CA 2025
05ee261e9ff93fa261ca51174b54a2b95dbae6024d221663a1e0590b1a1a5bb1	signer	HU	NETLOCK Trust Qualified ECC CA 2026
070561940cd5fb139fa6e0c2bea81d7fc0a105597d06cb9960d249fa759b702b	signer	IT	InfoCert Qualified Electronic Signature CA 4
072c239e48ee4117f279351a1f39e2b2c85a34da655243efff18d99bcb10f914	signer	ES	EADTrust RSA 4096 SubCA For Qualified Web DV/OV Cert 2019
0761e407ab0529e520e520d30e7655e32fae32b624c5065ef3718b5a1195bdce	signer	RO	Alfasign Qualified Root CA
076abc2269327eef500a0c57527262bac831f9d2df4ef2d439e74ce17036aa3a	signer	CZ	I.CA Qualified 2 CA/RSA 02/2016
07afd7627785f2d777171956a11673e0257ca46398c542a0281435a3ede3422a	signer	IT	ArubaPEC S.p.A. NG CA 2
07c10f3416d9cb77b339eaf8078e487196527a2223ef31fcf22a9a7fd18b1e70	signer	IT	InfoCert Qualified Electronic Signature EC CA 4
07f2ce55ca1aa6cb992719b1e423c1d02c1ea759a6e2eab4e150c88282e22550	signer	FR	Certigna Services CA
0865869b3fc822566213de933f084cfe512673d2a38e399abaea9cea91b340b3	signer	EL	Technological Education Institute of Central Greece CA R1
088a590dd650596fdb99770550835ab5c2763283688bc9fb61380c4c77e01bde	signer	AT	SwissSign RSA eIDAS Qualified Services ICA 2023 - 1
089dd33525ccb996c5f1debeddc17f1b3c0c4df17c9a993a32ca05570147bf03	signer	EE	SK ID Solutions EID-Q 2021R
08a2773f908b89e35f83dc270afb8bc65e8d192f0dd24b5211617168d60dd3ab	signer	EL	University of Western Macedonia CA R3
08da906198fcd5c6a242b2a6bfff0b5a445655d76bbc65bfcbdd13186c2c6a86	signer	PL	PWPW - kwalifikowany CA
094f78c53ec5d8082bc5d5aad1b11d5df952be56933358dbf5963542913a50cd	signer	EL	HARICA Qualified Natural Entities SubCA R2
0998ab28897d7e6c4867728d404ee935ea25d0e4aff72041c18aa38b7864e6e4	signer	IT	- Firma Digitale Provincia di Campobasso
09dd927ecb86275bcc29f48c1dc5e81d870ca022a70ba562458807f3589056a7	signer	DE	dgnservice CA 11:PN
09e7679f1dd00ecc4592d36a8b42e2465785aafb9491a20d413648b5a54720db	signer	RO	certSIGN Qualified 2023 RSA CA
0a25116fd6f76b25039a72048762334d503e2f4c06b8c47ead0ba618027f8b37	signer	IT	Provincia di Roma Firma digitale
0ab867bfc68d88ebf1284f4da7e34875d460220567a794e54f5db6b0323ec4c2	signer	IT	I.T. Telecom per GOLEM Software s.r.l.
0af09567aefb2e6b8c76fe459cf2cce0d5182a6d093d01bea21c6423edc47b46	signer	CZ	ACAeID2 - Qualified Issuing Certificate (kvalifikovaný systémový certifikát vydávající CA)
0b0faca6a31afca3dac88960adbb77e5d99b856de56ba5848022bfdf2aade45b	signer	HU	NETLOCK Trust Qualified RQSCD VRA RSA 4096 CA 2026
0b7af5eb38d90b83c893410ec6714601a4ef6ec5c32b9d1d9ad54fbd38e18aea	signer	BE	itsme Sign Issuing CA G2
0b89633f122f75821950ae27e0badd40d49bb50f0cb1b75ee4f4662ace4cb3d8	signer	EL	Technological Educational Institute of Western Greece CA R1
0ba0e1784f175765af410ad725800f934351ee5257d108fd83a7c1634320ed92	signer	DE	dgnservice qCA35
0c82598cf728faeff63d3e4e7582f071980966947ebb206eb25c1cd0ff905438	signer	AT	EU-Identity-mobile-05
0c99831ae2efa6b894dcf7858b909d28c0336c8d8d950d3897e18d37851e7fce	signer	DE	MESIG.HBA-qCA 5
0ca8b7a01506cafaa1879e7491c662f8264eb3a2f1f0e0657da3d6a912ff1487	signer	ES	ANCERT Certificados Notariales Corporativos V2
0cb2dfd0ef4243d9a7dbe32735f55338330c6e0661adcf7049dd3e0c12498173	signer	PT	EC de Assinatura Digital Qualificada do Cartão de Cidadão 0016
0cb6684f601c416f992a89409914a32a0c2099716875f5f78ec0c46b1b57099c	signer	EL	University of Western Macedonia Client RSA SubCA R1
0cf19de62187d68a51a8d0defd42f71ff73841300109c6647e7a05533bb8b3fa	signer	CY	JCC Issuing CA for eSignatures
0dd818228990d83fce9f9dca7b5cc44ed318edd16399987ea893877ea52de11e	signer	NL	QuoVadis EU Issuing Certification Authority G4
0df2883b6074d5b7d7940b69ca658a3a9a747a8e171f653ad4ce0230087d9d64	signer	ES	AC REPRESENTACIÓN G2
0df80683b392814ef75a12f665a810d36d0754fb297f24c65729c7a771022a5b	signer	DE	D-TRUST CA 3-21-3 2022
0e043bccc0e9dd778a1d241369ec5f645bd89a536f0eb8d9a24ee3c93351844e	signer	ES	Firmafy CA Subordinada 01
0e1f3a20040ed5b272dcc939e7b8d5b0f4bed764c95ce16cb0a47ca4560a3695	signer	ES	EADTrust ECC 256 SubCA For Qualified Web DV/OV Cert 2019
0e1fd82229c0a0f03d4fb77adb08b1003d4dc43437b8a7448c3440532b941c54	signer	DE	ATOS.HBA-qCA2
0e49bedbd09341d646eb65cee9f2f1ee6c8f88beaa906979a49d1616fc9c03ea	signer	RO	certSIGN Web CA G2
0e86d367796d2e4ffcb98285fb5fa624c96be19bbce225d47e61a34a4a001e6e	signer	DK	IN Groupe Denmark Qualified issuing CA I
0ef5cedce44265b112785b359a21141e20f553aada4c579404617b5ca6046be9	signer	NO	Buypass Class 3 CA G2 HT Business
0f2f6570aa8be96d33fa350a7953c3dd240d1c8c96d794141c46485e6d9dfeab	signer	EL	BYTE ePrescription Certification Authority 002
0f522765db829d9ae9e6af380a72443c9688b098bfba2cee17322f848bad0511	signer	AT	a-sign-premium-mobile-07
0f664ebdcf84c1dbfbf2a4414bcb75a9c96c505c209469cd5715bff1d5c8e2e7	signer	DE	MESIG.HBA-qCA 1:PN
0f869527a77df1175e21d2e468efd63239f0ad3a4b581090a506e8f649919272	signer	IT	I.T. Telecom per GOLEM Software s.r.l.
0fd99aae1ffcd5d9f0ad76edddcbef6b884cc85c16bfcfa4b5246155d6597ed6	signer	ES	EC-Ciutadania
101a9bbac7b812da2b348a2fc952a46b8f7c7d7a5c998cb1edef5f9f5e972bab	signer	FR	CertEurope eID Corp
1029722ddf44b0a78e4550fd78af4f4c528e2594fbc49bb75a1c1582b3b50058	signer	IT	TI Firma Digitale CA
10df0743d06d1135928421c4d3e0fe96f4ef6bbd6b1c9f221b08c06fb47a2a1f	signer	DE	TeleSec PKS eIDAS QES CA 5
113e3fe44dfd6d4b196bb45736094a04504b377a650e70092d8d2e0247c507d6	signer	LT	ADIC CA-A
115f92f422fc53315b668801f943c5deea0531da1cd430d89ea38487072ba5d1	signer	NO	BankID Fokus Bank Bank CA 2
117d766d5584f81e34ff14909c5d00125ea6555abff6f920f105558e0e8390c5	signer	IT	Notartel Qualified Electronic Signature CA 2021
119f0fe4c3ce621a53b6c4f4ff5611a1c9250c4f7ba3de45f4855ff29f4c4615	signer	PT	EC de Chave Móvel Digital de Assinatura Digital Qualificada do Cartão de Cidadão 00001
11db8be4e715e41a5b81a1ee35a6b39e16bf73c5908344f2b586a6db2f6d47bd	signer	FR	AC GN Machines Cachet serveur
11eccd0b3ea003bd1920a164cf169259267b8a017918d6c93e886a242460cee0	signer	NO	BankID - Nordea - Bank CA 3
12ea26f6eeefec76ab8592545403ab88515b00e275d9888713407a86fc5c7fd7	signer	HU	e-Szigno Qualified Organization CA 2017
1344b1e4e0f998cc4413bb4704bc1becd80533c9935b24c6fef3e3b8ab61fefd	signer	FR	ChamberSign France CA3 NG2 Qualified eID
138e8b33deecfc414408c5369b8389203572d4081f65dbacae82fd5848701015	signer	MT	Malta Citizen Remote Signing CA 256 3
14717bdcd6d455a50053945f83285fd74077a52a34733642249e7d9dacf0413d	signer	DE	Deutsche Post AG POSTIDENT E-Signing Sub CA
1485b4a7ded010281402a543deb64e77f6655de08ffde38b6616e26b2025fa1f	signer	ES	EAD Trust ECC 384 SubCA For Qualified Web DV/OV Cert 2024
15073c6bbdc74699a88518c27a57c956e5e23d6ca9619e521a468c7873de4f8a	signer	NL	QuoVadis PKIoverheid Organisatie Persoon CA - G3
15183e0dd0e8eb7a58963a0c2a6866c6d72086ba8c27839134b7f8b8875f1658	signer	IT	Intesi Group EU Qualified Electronic Signature CA G3 ECC
15ceab339144d48d352eef1c227f4d2ef4fc1756dead602c22be32d52100e69a	signer	ES	UANATACA CA2 2021
162bbd4de18241c723065f531e8197929548e55723c9526bd79b21c84aec9781	signer	DK	Penneo Qualified Root CA 06/22/RSA
163eea7a8d5dac5e85a5df54874011bcf6f9b3fe4d69e17155ca538077ca7775	signer	CZ	Komerční banka Qualified CA/RSA
1648ce4ab1bb65c485cb2236c768fabb865147d426915b92afbca81e9b2ee3bc	signer	HU	e-Szigno Qualified Pseudonymous CA 2017
1670585bb2d77bcc89007890ce8ba37c30b193cd30507b101ab5c2150bbc80e6	signer	LT	RCSC IssuingCA
16820bb0b35c4525acb9524cdcbce1918a25cd65102bc02a4f15a4ecd677809a	signer	IT	IN.TE.S.A. CA - Certification Authority
16a84116d5d22ca0329ea360927b67edc61d9583f6846577a3f38734bb459d88	signer	AT	GLOBALTRUST 2020 QUALIFIED 1
16ad38142bf3d07d421b7393e699444240b178f9480eaf37e0eda83365c539cf	signer	ES	ANF Qualified for eSeal CA
171c70cf85ac94d8627504e63d34f5edf887f1a0e4510224b816821190ad63a4	signer	IT	Namirial EU Qualified eSignature
17b4e0ad0482a3d027f58bdfc8a9bd55f75cabc8df059a4056a16cc8dee533ef	signer	EL	University of Macedonia CA R1
17d13622f3a190f41c0e9be2bcc271b3e3686400b15a4bcf23f69daa5dce9e66	signer	AT	a-sign-Premium-Sig-07
17e473dc97721a8fddd4668c3c9e4e328a653f2a508a0819c5b2aa0dacfa0662	signer	CY	JCC Issuing CA for eSeals G1
18007ecac2f566bdd3aa84332e15e785034a9157066194c95ee922b4a650ddaf	signer	RO	Trans Sped Mobile QCA
185365a1b39db2c5a0a824811db7e20690e34f4a7223b197b9a5550c47674752	signer	AT	CRYPTAS-PrimeSign Qualified Root CA
1877e4182c8200b1815333d131339264dcb6ca06ef3147eeaa38ef9ee439614c	signer	DE	D-Trust.HBA-qCA4
18911ce23e9398a8b8e75a30bad362bdb1456aa997bb6f5b3b16ebed7c957afe	signer	PT	EC de Chave Móvel Digital de Assinatura Digital Qualificada do Cartão de Cidadão 00002
18ec286841619ded7f592097794fbeecb90428ce10236c56c8fff0d020cef9f5	signer	HU	NETLOCK Trust Qualified QSCD RSA 4096 CA 2026
19b74b7e41ca73465832838a14eb432c4826f1b15def42b90aae9f8fab8b79b3	signer	NL	QuoVadis EU Issuing Certification Authority G6
19c13bdde4b6a1cbe1304ce86e28243b8c96fdcca6b83eab9aef3170e5ae3ef0	signer	HU	NETLOCK Trust Qualified RSA 4096 CA 2026
1a4f071d4a56b9442003ba2def04c56944b4d0738e4806ce97a2fc68c3b420e5	signer	EL	Union Of Hellenic Chambers Of Commerce CA 001
1a77147aef9d854fcb9b59d91c1dbfdd054b253e08ad44fd3e67de78e37dc634	signer	EL	HARICA Qualified Certificates for eSignatures RSA
1aa980c8c0d316f25029978982f033cbb3a3f4188d669f2de6a8d84ee00a1575	signer	CZ	I.CA - Qualified root certificate
1aead5901f50a052a30726d8f699327d0669d4a8fa006fc93df9b85a618b7fa4	signer	PT	EC de Chave Móvel Digital de Assinatura Digital Qualificada do Cartão de Cidadão 00006
1b16d5e86723821ed2d4c61a0f5e583f3970787e522f3ff9a5ac5d581673624a	signer	IT	Namirial EU Qualified CA
1b728d4a76506634a11007912f1d8c6b9aa39be1afca49096657cf1ffb4513bf	signer	BE	GlobalSign GCC R45 Qualified QSCD Signing CA 2020
1b73d8a034e4f437dce3236650d02f4b59f216647979b4da6d048458b3ae0dcc	signer	PL	CUZ Sigillum - QCA2
1ba440f7eb048a402a87091c4940740462549a2af3962f8bc7184ad0b04b831d	signer	EL	University of Patras CA R1
1bd349fade50bcb96eb5dabb3162c58fb512d9ba162a76dd0f04a637dfa4e30f	signer	NO	Scrive AS eSign CA Aceymac
1bd3870b842ff0a637284268017e18e455a7fd2d84468f3cdf7d587c7ab35c9d	signer	FI	VRK CA for Service Providers - G4
1c2ac10095a66b71ae36f2815c2cbb1a948d9e92f9bd9f04dc4e5cafa7eb9b81	signer	HR	Zaba QCA 2024
1c31b3f06ca04fb4e741860eb27a7244e0d22b356d35c626c8fdba277badc07d	signer	IT	Ca Provincia di Brescia firma digitale a norma
1cc358a6dfa0a76bb5470660d78f3b25f23ccd6395667e49ccfc8201da3d192d	signer	FR	Certigna Entity CA
1d24222b5eec71fe99be9d700fa5ff72312db3eb0fcb4a4f3bcc135da36c1355	signer	NL	QuoVadis EU Issuing Certification Authority G4
1d93790e7d46ce7097db1526fa88d837f7fca7a37101cb8b85d152f7d6b5fbb4	signer	IT	sanpaoloimi Production Identrus Certification Authority
1dcb52fe7cfcb5c6c56e133e52d7aa38f413ae79fff0f4325da878051294d26d	signer	HU	Minősített Közigazgatási Tanúsítványkiadó - GOV CA
1e193faba100f9398f0eebf106db8d5a252dc23a8422ae42a4f2b042769ed8bf	signer	MT	Malta Citizen Electronic Identity CA
1eaf840188b14f9dd12c07aca343e196c38d8f5256b1e36fff519a442bda53ee	signer	PT	EC de Assinatura Digital Qualificada do Cartão de Cidadão 0014
1edb6bd91274882db795bfc514f8aabe10ad955cbccfd3fd5a5b5febb2ce5b68	signer	ES	AC SERVIDORES SEGUROS TIPO1
1ee9bc2eda15997f302d23a0e2f4f68569cc065cb3d7d0d6f332d0fc4eca65a0	signer	IT	ArubaPEC S.p.A. NG CA 1
1f11a6555cc6f24d43e6e4e30ee804d41645847b7fd1565a191863345c4e256f	signer	ES	EAEko HAetako langileen CA - CA personal de AAPP vascas (2)
2002b8d5af02c5a961e10a4da3c27f63f35d7f7aad941599da36d52e03b7a89d	signer	ES	EADTrust RSA 8192 SubCA For Qualified Certificates 2019
201ec6b0f8a6e5bd78ac101e37e9392a3540e346b6ad3761a209c88b102f909e	signer	IT	Ministero della Difesa - PKI di Firma Qualificata
203592ec01d6cedf14871a844b6c450dd86716cc93301e91afa80390dad669c8	signer	FR	Autorité de certification porteur ACT 3 étoiles V5
2086b14325b7f2260e2829f8380b0c48b4136c204a877aced69aaca5d8ad8fde	signer	HR	KIDCA
20bcab9490a83829a3bf57f800a42ae279d51967ca3487d1d293d1cc8a02d3d2	signer	FR	NETHEOS Swan CA
20bccf103d2f447fd972687d1b7b9addb70482aab3821762f6c3688f1680d900	signer	IT	TeamSystem Qualified Electronic Signature CA 2023
2176c05e69ee24946a140d13f9efa222b3f1e768e1e2a67b313969cc03b82064	signer	FI	DVV Citizen Certificates - G4R
21cd52f9f397b1df06d0aa1343303d42ad42dc53d5bc1e5a4108be99e43cca73	signer	RO	Trans Sped QCA G3
21e5d8cfbc2430aa45ad86d38394ae97b359c0e88835e4de5e0ad1ce92a8201d	signer	NL	Digidentity Business Qualified CA
22db78cc0d6abddd5b655a44980136a691347dd9b628f19e96fd8b72907cc284	signer	DE	Telekom Security QualifiedID eIDAS QSeal CA 1
22e41b4879faa21161d46502c7fc1439e5490eccff43421f6e9c086142708196	signer	ES	EADTrust RSA 8192 SubCA For Qualified Certificates 2019
22e5e6db5cae428eda96aed0564e2b9770eca2cc025158e37a9ddeede31f45e5	signer	EL	Technical University of Crete Client RSA SubCA R1
2316d05a2e2d347fa141135b98ed09f56e81f1cf5679793d3b39dd6d8e461a48	signer	DE	D-TRUST CA 2-2 EV 2016
23395de6fc5613f3464cc0e430d9adba1b636d58cc50bcdda529c2683c1ca6f0	signer	DE	D-Trust.HBA-qCA8
2367590cd16220c235a5264352b2fac77e14085a810461e95df788c77c25d193	signer	IT	- Firma digitale Provincia di Varese
23d3aa2c53136f789ff7c231e92b6210fcc7b80e5da4287c5df1bc525b4f4612	signer	EL	Panteion University of Social and Political Sciences CA R1
23defccae804624754de5f109052ee442f629a731b00ed785df7d92104d92086	signer	IS	Fullgilt audkenni 2021
244166240947c4074418df2606fc3ebf5a765f6b9692185fc091ea669986da35	signer	ES	SIGNE SUBCA 2024
245109fe146d19576753ff785df6388aa65ef48aa9f2ec0cb18f45b5cac55d76	signer	FR	YOUSIGN SAS - SIGN3 CA
2519172accd18d723bee6ac41286f1e1db17380ce1b950ade2d73757e98cebec	signer	DE	Deutsche Telekom AG QSeal CA25B
25303cfd0bf1baa1ef248c29f073fffc2e7c81582ee23b45c7f1c3b32e341ad8	signer	ES	EAEko HAetako langileen CA - CA personal de AAPP vascas (2)
255b15acfe0ee96ee452353c2c92c5bfe13fb699783e350eb6cb7731a3607e29	signer	IT	Postecert per Camera dei Deputati
258c108d81dc81a4808420c5cc4f47501057481e737334e1cca631cd212e1ed1	signer	NO	Buypass Class 3 CA G2 QC WA
25f2cff2d8a3d8e903b4331d76f3b946756e693c9a589f7a5e121a2c6ec5a086	signer	FR	Certinomis - Prime CA G2
25f4137922f15fa55dc8e3c1a60a77b108d3a3787506b81a342221fbea34f075	signer	SI	Banka Slovenije Root CA G2
2626b19563bc78d9b1442b93ce98d14a1e4b74264acc90222f1f3c2385c27337	signer	ES	Herritar eta Erakundeen CA - CA de Ciudadanos y Entidades (4)
2645e52c4598383019047715a2df6853ee25e379081333ce7e1042a2c8a9cee7	signer	NO	BankID - Danske Bank - Bank CA 3
265d8fccbf57e4d6f7cd538732f76543752a78920fe8f98d223919a9ffb946fa	signer	FR	Certigna Email Protection Legal Person EU CA
26f7adb721cc2d3e26df063a6fe28739894b1847060c351dc6f5311c57df0b5f	signer	EL	Harokopio University CA R1
270b33efcde50e45211cc4dbc21e92813eb9cbd6882b973373d671c33f8ddb07	signer	CZ	PostSignum Qualified CA 3-TSA
27bb49d206b6dec161ebb8ea739530e90ac68498d2eea05a7ed9603d1dce0fd5	signer	PT	DIGITALSIGN QUALIFIED CA G1
283a9f9fe9674f67efd6e27bb543e0ec192cbeff20fc836c2243654744c5af89	signer	ES	AC USUARIOS G2
28442815c88ce2ab445119e77b3d95e348b144a052812a06481e85afe3a33670	signer	IT	- Firma Digitale AIPA - Provincia di Firenze
28575792f3ac80a9e913570e8c44418f8f9e9328a979febb9869e7b333e74b6e	signer	NO	BankID Bankenes ID-tjeneste Bank CA 2
291c9952a032f95f09552b7145c57293517b1fe97e68779ce4162220d6aa372a	signer	EL	BYTE ePrescription Certification Authority 001
292efebd081f3c5de8d263b72096aa385ff65efa4d3b0fb0a1f821b54679a431	signer	LV	LV eID ICA 2021
29400d5d520da0852e4dd53a5b85d3268f9a3dcc6061c285474440cb859e09a8	signer	ES	EADTrust RSA 2048 SubCA For Qualified Certificates 2019
29c75dfd2bc55902f23094a620707eda5aa2e7bc7cac3ada6d7d7374b89271d3	signer	BG	eDocs Services Qualified CA
2a508a5fe6173c4e8f0126694a1a6a71d9000451fa31db033b8705890441ecc5	signer	EL	Greek Federation of Judicial Officers Client RSA SubCA R3
2b4564c9077ba412ac4710842be86b70c6e28f25d38c2db0b164543046a4b8cf	signer	HU	GovCA Minősített Tanúsítványkiadó
2b6bc3bf95e352753894162f45773605c5a9e63ab19997fb9edd6625657ba1b2	signer	SE	IDnow TS Qualified Electronic Seal CA 01
2b75cc4f36759cfc4c6637b1e0e54359457db57e74de4d2dc5d02cddff2960cf	signer	ES	AC Firmaprofesional - CUALIFICADOS
2b7b390ff652aeca8b2f352325ae89fb153aa99440aa9fe80257b6d79887a560	signer	ES	SubCA SECTOR PUBLIC Q (G3) A.1
2bb9f0a723f1bc35d67935a579840563d872e5923e7b12d474e0382a9f1bb537	signer	LT	ADIC CA-A
2c1823619d8073116c8f148bd38579de9c05391602dbceb96573e4a188e1326e	signer	ES	ESFIRMA AC AAPP 2
2c5e20bf418a6eb45d11ca964e25330d40264839227f1357fb0b1aa84606a8dd	signer	FR	AC GN Personnes Signature v4
2c632ea2868b84b4b97bf0c70604cf3d04521c6b4e8df199c0261f09c2df9fc8	signer	LT	ADIC CA-B
2cb07880b4e584f366e083791511bb48812ff5164c5ba3bbb3c1688aa456b13c	signer	BE	DigiCert QuoVadis G3 Qualified BE RSA4096 SHA256 2023 CA1
2cc3cf710842f05c52ad4b91322a76cacfaa2e74ad57a8fb53c56c2717deac38	signer	EL	Greek Federation of Judicial Officers eSignature ECC 1
2d1b244faceafad94755b5e99aabf7ac91c599da73bfa461eeebafb4b969b5c9	signer	EL	Panteion Univ. of Social and Political Sciences Client SubCA R1
2d220466c19e16ed4b7bc05ff49a21c6f146778fd40176970906d79fc24e2070	signer	LT	MD CA
2d270fe83a08e26ac32105231a0ecae2b55ceb6ecd77e880b498393c6db38517	signer	IE	Entaksi Qualified Electronic Signatures CA G1
2d67cdf7d0c9302f6c1ef2e823df02ef0340aa87c26e918b2ade94fe905ad59c	signer	IT	Actalis EU Qualified Certificates CA G1
2d819af397e289dc41709c4aaf6da3b1904749c37a995860745803716d7d5690	signer	EL	Greek Federation of Judicial Officers Client SubCA R1
2d9b05671d1e4f5c6fbadbdda58c874c07367a33f3f8ddfb66e0c4da3ef556a1	signer	DE	GD Netcetera sign CA R2026
2de620f2d1200aa90b16c3ccf670fd7ed14379ab06fa8b031cfef8da051ea5a2	signer	ES	ACCVCA-120
2e1d89ccf205a8192fb24af317b10e7a8fcf3171ad28a45a824636618bf4d3c0	signer	FR	Certigna Document Signing Natural Person EU CA
2edc6a47b80fa7fb01d629f020fa0625ef4fcfdc70179ba55dc5c57e1371ce41	signer	NO	BankID - DNB - Bank CA 3
2f419e32e54af3a3f9bbc9ccf0b9d3aeb3d996d27cdb7891340db1338da3db65	signer	HU	e-Szigno Qualified TLS CA 2023
2f64de538d980f3b3e811ec946fb7d323edb7047a32cb138ca9442ebbce7349f	signer	AT	a-sign-premium-mobile-09
2fa669126f5dd15f7f5678658cab49d3a9effbe583799224ba9edacd18c33290	signer	PT	ECCEQ001
2ff326d1673c14f1a806a6b3325e8ce679738d6c8f2c9ac43bdd3862493f6768	signer	BG	InfoNotary Advanced Legal Person Seal CA
3035777a2ab75df507e37563960e2fe75344330d8f15381f25e7a18a2ac391f5	signer	PL	CenCert Centrum Certyfikatów Kwalifikowanych
306bf8099636a44fffb5eedce6e30c0f36c7d43f6cca5a2ca3ab71668f353320	signer	ES	ANF Secure Server CA
30bfb54335dc72fe94f0613437b19cd73338724d06b07100f3deab0343e70a53	signer	LU	LuxTrust Global Qualified CA 4 EC
30eba818e427a442bad8f5b218b6b73cc5445d2170e94b8d36b230c006498ac7	signer	EE	ESTEID2025
3118fecb1bc8c5347b560860d54a12a137ae7e0a2ebe81576ec05fc86781dda3	signer	FR	FR07
31894689de777f8ebafa377ee518858b18d74ef46e6cd00bda2246be5a0fe2fa	signer	IT	Postecom EU Qualified Certificates CA
318aa99dfbe3d5cf10bf1e3a5e8bd921d55c68a70901dadc2cb6ed77ac363501	signer	NO	Commfides Legal Person - G3
31d06d7a6e7e154f662f2cd9840a63fe0395f5229867f735de07cc17784e8882	signer	EL	HARICA Qualified Certificates for eSeals RSA
322f56b88dad7da330a5030a2944843c8e65d182a327938f83a606e47013a31a	signer	BG	InfoNotary Qualified Personal Sign CA G3
323a6d1d3cb19ff9de1e9283fe5ad3a70a4d7bffde6e1eac5f82bbe1eff20649	signer	IT	Intesi Group EU Qualified Electronic Seal CA G3 ECC
323f35f0dfb01d6b478c24026c66852aad3e96dcb1c5be17c1da1ec47d77cc87	signer	BE	GlobalSign Atlas R45 Qualified Remote Signing CA 2020
32974009d1662c1426dbcc121468f1ffc8e7081c52c5b7050bec0a9686abccff	signer	SI	ACNLB RootCA
32e3ee194bb52e5f9a39a78db6f52d28bd961e427e2360f152d6317ebbe4b71c	signer	RO	Trans Sped SAFE CA III
3332ec404f83c0cbc4037f1863b52851eccb315486d6b4187be9c5e16f7d7c95	signer	IT	Consiglio Nazionale del Notariato Qualified Certification Authority
337b02bc8a40170a9897ac0657ad7fdf3a06a4e6188fd15192081b13edd32822	signer	HU	GovCA Minősített Tanúsítványkiadó 2024
3395966916f8d39dceb5f75cff8b8ef4edcb362b1c0c27924da42d07dd18f159	signer	ES	Sectigo Qualified Legal Person CA R35
339e6b92be5459f26a8dc3c5f3720933c838e236601b050048c047a123e6f8e7	signer	ES	Sectigo Qualified Website Authentication CA Natural R35
33f8acf319e1e14223bfc6fe9a1620b0da37a340227a5babac5e404952d7320d	signer	FR	DATASURE Global CA
342403a48752ea009d6da33b4d44a5c0794bbb4867b819d0ac6088c050a783fd	signer	EL	HARICA Qualified Certificates for eSignatures ECC 2
3431292a66fb3ea53f8b706ea4d980381cb865df6c99f0524536545b58cf9fff	signer	ES	ANF AC Qualified Certificates for eSeal
3452e96743442607f21d85084c3db897e37549fed23f135cdbd202e690d52e25	signer	ES	inDenova SUB CA 003
3456a32f3e5c96275db44319b0a835e81754ee523e6f3d19cb5f39f56a53cce9	signer	IT	ArubaPEC EU Qualified Certificates CA G2
3461c217546358c61dbef304260a99d6bcb82ee4b3d288da9c7058b14e38a001	signer	IT	Actalis Qualified Certificates CA
346440cf7674a529305545563322fcfb38f5a4b3f1e7e852dff8a4b7a5ef72d1	signer	ES	ACCV RSA1 TLS
34967f48cede89904b8843d11d01847f769b91ce6142a8c539094dfd1523abb3	signer	FR	Autorité de certification porteur AAE 3 étoiles V5
34fdb6f3d2d1070dd8428bce11d62294e1ff2c49e8b128b61160d748c7a537aa	signer	ES	ACCV ECC1 PROFESIONALES
3516bdab7f57115a7aeb2ebf9c521ef00f04ad891501979be1efbf4493409669	signer	BE	QuoVadis Belgium Issuing CA G4
356a5f4d994e9efa7caefc491768911d65ec25977465b610e2f29aa4472631c3	signer	ES	EC-SectorPublic
3572cc46440d3f79056cd041f3bbe358292965043b4ce52dbb9eaf9d96278307	signer	EL	HARICA Qualified Web Authentication Certificates ECC
357554ced3c49ba13ddd55a5682629b6fce2acfc4519ab2be04b3a8601a59f2f	signer	EL	HARICA Qualified Natural Entities SubCA R1
357579bdf5f9474f22e655a9e418d17eff0b3c11fcf40ad091773be22329c562	signer	PL	CERTUM QCA
35a1faa8c81125666d26f0a6e864ddeaa70431cc1570dc883cf147cd196e4ab6	signer	PT	MULTICERT QWAC Certification Authority 005
35a99284a220789ba0e062eeff1b5f2f74be43754469977cb318c7c86ad48f9f	signer	ES	UANATACA CA1 2016
35ba26147305b6a14bd7eb6782c428cb0c085796f7e785f282f8cffcddd2c53f	signer	IE	Entaksi Qualified Electronic Seals CA G1
35e9429cde680d8d5311cdd46faef0aee694b0556c3d69c4f670e243d64c87fe	signer	BE	GlobalSign GCC E45 Qualified Signing CA 2020
360993593406e5aa311663edff5a3409a8dd1e30708c9cabe34efd8e5392733d	signer	ES	EADTrust ECC 256 SubCA For Qualified Certificates 2019
36efd13ae5dc6d01b6c1956841b45d18ce8085fbc197d90e8a8a21a9b01ebfba	signer	HU	NETLOCK Trust Qualified EV CA 2
371ceb912cfecf1771f2f8145f33df18c1db4678ece157185f8fc67a4209ab54	signer	LT	OCSP for ADIC CA-A
378875a179c6a20ecd2e202f21bb2ccef5f057fcd745ed4495cff8286b3dd1eb	signer	DE	Telekom Security OV ECC qualified CA 25
37ed6207fdf94317d039bfab21cdcded554da3961604f631e009afc0fb901f38	signer	IT	TI Trust Technologies CA
3845f56e3f6c150e2fb572d62f8c61ba7d9a164e45677eb71998c471b758c39f	signer	ES	EAD Trust ECC 384 SubCA For Qualified Web EV/PSD2 Cert 2024
384a024691b7d20ee7485bf3ff20a8a1a15d560cc06851af582b25076470a130	signer	SI	Halcom CA web 1 G3
387e481f00bb795c3a7d5ee43a20b4e534a4ddc17b4373744f308718ebf57440	signer	MT	Malta Resident Remote Signing CA 256 3
38b349379024e07b43bb6c2036ddf3135ebe945136c20837275bc4d025a54704	signer	PT	EC de Assinatura Digital Qualificada do Cartão de Cidadão 0015
399cc6d3d41b81f582139244b6b5d8f09e95e571030a6277f8f4051b2e17af66	signer	HU	e-Szigno RSA Qualified TLS CA 2026
39a835b14b6b6313f778371c79cb434dd518c8fd325b749d9be669dff20384e8	signer	FI	VRK Gov. CA for Citizen Certificates - G3
39c7d0b0633b301d85ae5a23a8b31623e638cb2813427b3e5a5416831e796cd5	signer	SI	Halcom CA PO e-sig 1 G3
39e379db8a2f67cc5c6e8ccfe0526c74edd977e9f855042f32e21c546e0f148c	signer	ES	Centro Tecnológico del Notariado CA-QC Corporativos
3a15ecb2abeff1b587f08f36d98fcf38f939be073b78e207b9483c367b2afecf	signer	IT	- Firma digitale - Molise Dati
3a5f4ef758dad62e4369246445e068e4dadfdd4862dcdc352cbca3f58cb1028a	signer	EL	University of Ioannina CA R2
3a634bbc04fc27dbf47ce9ae48d045b246d57c35899ad77be90662ac56c66eee	signer	PL	CERTUM QCA
3a787bf16395d288f456efcdc63b7b4a4539dede73bb4522fa7212cc5f1278e4	signer	FR	DocuSign Premium Sealing CA - G2
3a8066266d28bd28ccd0f564c8fbc1219b4ffae403e01e5039d30f2400f0eb09	signer	ES	AC CAMERFIRMA FOR LEGAL PERSONS - 2016
3aa76969d88df47c870db33dd911a2ed29df8007f295f8438bdb244c5896dbad	signer	IS	Fullgilt audkenni
3abce953019df2581edacab58be8e143fe690a7f93c28c373c207627f818264e	signer	EL	University of Piraeus CA R1
3ac3db2c474fc34fe8011c5a01f622824c6f8b11076f56192ac701dae3d70534	signer	NL	QuoVadis PKIoverheid Burger CA - 2021
3ae4f4de5f3e2070a11845bdfe6dca6e412bb7e4ed84fd4f1b7b496cadff2cac	signer	CZ	PostSignum Qualified CA 2
3b355e9b664df0fa3fcc9222725a9411d72207e318ac9ef1028b211fe03a1052	signer	EE	SK ID Solutions EID-Q 2021E
3b4bfbb73fe7270eca451b5ca73dbf693292f0faea68bdb5c9831799bdfbb4d0	signer	AT	a-sign-premium-mobile-seal-10
3bc51856040ad7ff6683aa85a0d34f9ea680cd23c37cb8a0423b0f89a24405b9	signer	ES	ACCVCA-120
3c5b8cf7aa73f16c3709ec0f52662745787120a65b08ab72a530a8157d2ea7c8	signer	IT	LISIT Servizio di certificazione per la Firma Digitale
3ccf0306bed8c910b327a15f2159fdd1e414474f77696c3d98781b1160277bca	signer	ES	Sectigo Qualified Website Authentication CA Natural R39
3ce8739cd3c5f7007b205d7190ee8b53e057d8af7acf98e555e04d86d2d4f4e5	signer	EL	HARICA Qualified Certificates for eSeals ECC
3e9c8243b67b800111872e2e56d86ee32684af9b7caf807d78de743b35da0cc0	signer	DE	D-TRUST CA 1-21-5 2023
3ead4f72f06f1054881d2728de033a8e13fade6bd165084018eb943c17378daa	signer	NL	UZI-register Zorgverlener CA G3
3fe5a6a0387b2250b2a0010b837dfad2ac8e6df388fa564751f485f0f2cecc8c	signer	BE	eSeal CA Gov
3fefebeb17e25d5fc09bac3efbd03a79a979b1ca2ee5faf9cc05470d3bcf3aca	signer	HU	NETLOCK Trust Qualified QSCD RSA 4096 CA
400a00e96d00edc0beb13ce2782ba67e49de6076b927844e31b782695500619d	signer	NO	CPN Enterprise SHA256 CLASS 3
409b8dc355546675d4988eb0b59b56455cf2c6c38967763b9bac72d2f10a2af3	signer	DE	SIGN8 QES SEAL CA 04
40bdce4ea1e2980e6c2fb435fa4156e7e6cf2b1910197b89fb671dd268cec339	signer	RO	STS Qualified CA II
4105b567891958041544a5685a5fa54bdc5170b07758144aa0af1ee47d6451aa	signer	IT	- Firma Digitale Banca Agrileasing
41237000cc032c71831abc6b69f301048273e7b432c13660553132b9a43ad594	signer	FR	Autorité de Certification Personnes AAE
4140b70629fda4b8a36fd53fb0aa53237157869931b8b2308fd05df3ff7d78ab	signer	HR	Fina RDC 2020
416da00480ebc81482e3dc203cbdd43d695ff122127add986f2879b629d1f062	signer	ES	INDIZE CA Subordinada 01
417b27a708669defca9e90f3675455a82c2be69929e32a2d2f9f55648ba871a9	signer	AT	a-sign-premium-mobile-seal-09
4193c75b6804c21c413093a774f38da874927c50c5f6951fe7f5c534d7264eb5	signer	FR	ChamberSign France CA3 NG Qualified eID
4282734163bf9ff8424f1eefb06839ff25de67d6c1fd50793691740b6045b76c	signer	HU	NETLOCK Trust Qualified ECC CA
42a21f37285804f2e736075cb54874368cf0e2110088b3f138412eec88590954	signer	EL	University of Ioannina Client RSA SubCA R1
4359d9de6af2c3f490579c1ba26cad9c246e50f0d1dcdab580bb14a273a57574	signer	IT	Actalis CA per Firma Digitale Qualificata
437651abea4835d0adc583131b6ee6d7462ba770b04f5bcbba6082273fd109e7	signer	AT	a-sign-Premium-Sig-10
43ee664f12cdc9eb9bf851a0a6943efa2b4a95ac234b4964d0bdbca14aebc3e1	signer	SI	Halcom CA FO e-sig 1 G3
4436a54d37bf9934b2ff7aaf235b77d95baa0839ba7e5ffe9640efc6655860cf	signer	SI	Halcom CA PO e-signature 2
444cefedd83f6315c5ec86b2f1cd63b1dbf2387cfa2beb0fb400153f2af9408f	signer	EL	University of Macedonia Client RSA SubCA R1
4476379cbb1c564cf9ccc4b25e863e0620dddfe823fed94725cc1ba1e13954dc	signer	NO	BankID SpareBank 1 Bank CA 2
449106f0932c33fc56fca40b1231176191670afd5dc716e9ef7b1c24adaad242	signer	FR	Sunnystamp Natural Persons CA
44c8fe0f710375e5427636874f1c63c839bc798a632347b958f80f4bee930030	signer	FR	Certigna Time Stamping CA
454a164b9236cf9c380df9959f751ded503f91be3ec646c7042cbb0e1e17a7d5	signer	DE	D-TRUST CA 3-1 2016
459e0f12a7723f40c718a3721862747c9a2894a8721d50fe6ba4e22bec49313c	signer	ES	EAD Trust ECC 256 SubCA For Qualified Web DV/OV Cert 2024
45d28361d617b780f7e939761d77ded2a66bbf03b173ad1ab4a43c2d86611613	signer	IT	Namirial Qualified e-Signature
45e05831cddac1f2b96dc8ca54620834c87649e9ffd3b26d7dad2ad07f807232	signer	NO	Buypass Class 3 CA G2 ST Business
460e09ea06d417eac229d07bd43fb18491fb2e24a2af8681fcf5bf06ffe79a06	signer	IT	Cedacricert EU 2019
46319c69041db9a0d93dae802e3002cc615365931fe0976d392e8863e3f3be31	signer	FI	DVV Service Certificates - G5R
465b11afe07372131f06078c8db5876b5edc80a2174c7fddb0ca01aadc3157f2	signer	LT	ADIC CA-B
46716ebf6a22aea1df1f97e62a5ef7095127ce4550b6242eba6907afc5c482cf	signer	EL	University of Patras Client RSA SubCA R1
472a2b232fe9d86b088fad83c25e370427da006e7d6dfa0cf9b3b727d007d3a8	signer	PT	Global Trusted Sign Certification Authority 03
475f5f5cf6d883f923812acff09fa4d148be60c86fb1f06fe123e2983113e698	signer	IT	Consiglio Nazionale del Notariato Qualified Certification Authority 2019
476187a5db574587a8d5e8984e709758db605b00d07ca636cd421165854226e3	signer	IT	Actalis Qualified Certificates CA G1
4779ba66c768fe7e5a5bb74a225fa8b69cd6942af481355630e5ad78b34dff2b	signer	CZ	PostSignum Qualified CA 4
477ce0caa36b5ced7d7dd475e157ef430eda968e1e0ead2223cc71012dbd776e	signer	NL	Cleverbase ID - G4 PKIo EUTL G-Sigs NP - 2025-2
47a920fceedad1f874556a3c44f02def1da1b0396d38458becf3e7b6e8bc0158	signer	RO	CADef
47b09909914579e728b805f292be348601fb732009d25f1405c43ecb8d2afa89	signer	FR	CEGEDIM TIMESTAMP QUALIFIED CA
4855220002bce218101315ce272cc1b4a5f4dae037032f63305ef90886701c67	signer	RO	Trans Sped QCA
48a153e21e1b8c64dcbdcba034dab2ef8527a779a1ba2aa238acc48a2c6fcacf	signer	PT	MULTICERT Trust Services Certification Authority 005
48bc09d10781fe44bb4b947ddc7a37572e8b9930d6c02d886484a603afcd0a1f	signer	IT	TI Trust Technologies QTSP CA
48e62dca98b5c5495bc130046b58c258cab4cc879659559235b6225c4ec51f6b	signer	IT	Consiglio Nazionale del Notariato-Firma Digitale
490a19e9b039b0b25379b84d12d2db1fe598d802e4d2f76a26c47c4f9d678b21	signer	FR	Autorité de certification personnes 6
49610623e64458d3a4082162482c0fcccbe754f5f5ce3ed5c25203eafd8de042	signer	SI	Halcom CA PO e-sig 1 G2
499a9ca8b47ee84437f90b96fb40413ea293f9b3942a160837a0c67b0ec5ba0c	signer	BG	B-Trust Operational Qualified CA
4a2b2b0f8429a77e23bcab8ffa253f4c21368cb4aa2a78dbc5d417c6d1d0e105	signer	PT	DIGITALSIGN QUALIFIED CA V1
4a86f3337cec89a67896b8a6cbbada84ac181eb009679e1504156c34bc9f8aa1	signer	ES	FIRMAPROFESIONAL ICA B01 QUALIFIED 2022
4ab8bc6061743e0980bfd121370a88c511c4f29eb4bc089765886b64c791f768	signer	CZ	I.CA TSACA/RSA 05/2017
4ac2f1e0a9a5ebc187174143f1597ff17bd3c0405e3eff29a4b16e6246130196	signer	IT	Actalis Qualified Certificates CA
4ad810ef18db53e00f84d0bc6128350344e666e7d3d37efe1a8c21164460bfac	signer	ES	Permisso CA Subordinada 01
4ae393652edaa239d8e2fa51a2f1b7e344fb2745aab1528cfc23bdb178662d8c	signer	PL	CUZ Sigillum - QCA1
4b2174cba8c9153bb408246e5ee8ecaa398349c93c012d77997b8faa0721f19d	signer	PL	Certum QCA G3 R35
4b4c8eac327760e87fc92566c9065a7cc6109fdde02ba1726621ce3730132080	signer	ES	EAD Trust RSA 8192 SubCA For Qualified Web DV/OV Cert 2024
4b9235a7fea69307129e842f392bf28e98c6f6084660abc44855654fa5099805	signer	AT	GLOBALTRUST 2015 SERVER QUALIFIED 1
4be7aca4f318c52fea84b2ed7fb08e45c425c7de9ad7c2e775dd0ccd9f8dd0e2	signer	FR	Certigna Server Authentication QCP CA
4ccf17c0c8c1c10d5876ec5e3280fe8d134df36aedd8444289b990bc3741e74f	signer	ES	AC Firmaprofesional - CUALIFICADOS
4cf392d513b07c1f6ae7a98e7cc9266cc100b074774f5c8efa4d3b16f9f0250d	signer	IT	- SIEMENS MEDICAL SOLUTIONS
4d187d4e5bba7bbad422b75befb4dcb2179d1ccd115a18d2c8350fffac316b34	signer	ES	AC CAMERFIRMA QUALIFIED CERTIFICATES - 2021
4d571c84c79c49ce8ca4aa3707135f681907742a0ac2421a0926a069498d8f83	signer	DE	GD Netcetera qsealc CA R2026
4d8712aee7b88bf62473f2c1aeef22c211755782d7e47b5f96442c1b44c555a8	signer	BG	InfoNotary Qualified Legal Person Seal CA G3
4d961aee0d2dd0adf433b4aac261ce5871665cf39fca1b4838ae6620da685046	signer	EL	HARICA Qualified Natural Entities ECC SubCA R2
4dfb915316ac52763f39630e79dd0ebec2396389af52d3e816c69cfae4ea03ae	signer	FR	2024 FSI AC Cachet Serveur
4e0c564da322d30bdc187949641e3e09185934c4511baaf94590d405201179a9	signer	FR	AC PERSONNE SIGNATURE eIDAS V1
4e1474cfeb41d048c7e1e2c975d69ad3fd739bd44577a80d0432f233d51c5c77	signer	BE	GlobalSign GCC R45 Qualified Signing CA 2020
4e78271768494088ed1f9bb2712531ab5d138c6c59b46650d285b35858e67b13	signer	EL	International Hellenic University Client RSA SubCA R1
4ea66ab8fc54d446f6a46a63f0fca5fe83a1f433cde771de8d1a8be06647d008	signer	DE	D-TRUST CA 4-21-1 2021
4ea77debb54b5669566eb3f2c2859fff803b04614ae46caa33e89ccf9fc0dc14	signer	SI	POSTArCA G2
4ffa2f9564281e4037561c2d88c57cca9e5db2cfdf4d0d1d4ea956e78596aecb	signer	IT	Consiglio Nazionale del Notariato Qualified Certification Authority 2024
507db60d263d3d09d283de2e3aa435dfd8775e52bc335702e3832bbb57ec1cbd	signer	NL	UZI-register Zorgverlener CA G3
5092ce0e3f70f2fd9561c34623b546f7d333ef1b633c147d1290e28de986a230	signer	DE	Telekom Security ServerID EV Class 3 CA
50d5748d831c2864459b23d8b99df53dba43bbbb2bc4bfcddb5731b52b56b69e	signer	ES	ACCV RSA1 COMPONENTES
50d7259757f88619fc00933750512a78bc275ff375dd6910c65e6fbdd95c8d88	signer	IT	- Firma Digitale Regione Liguria
50fded1cc8df74c813200ca71e6e3b0856e7e81d6334fa93b70af53537deac40	signer	AT	a-sign-premium-mobile-10
5125a22bac4d9f27a72555af6afca453c70f10f49cc414c8cb2e79ef8ce292c6	signer	PT	ECCE 002
5130e9ad578d1d208c50c7346cebef8b3893841683ee915258464d4e5d6f6cb2	signer	RO	AlfaSign Qualified CA
514a806a46d7b79725b92cea06855415d924e76dc5d51e4ed5ca3955cb6ec85d	signer	ES	EADTrust RSA 8192 SubCA For Qualified Web EV/PSD2 Cert 2019
51583118e6c5e5d210df34dd3597f1136a5b16482218fcc2dd3b85f7a5c81cff	signer	ES	INFOCERT-CAMERFIRMA QUALIFIED CERTIFICATES - 2024
52247b025294e03a8df8f138eaec0fce0fbddd55ff1e2bf2b8f1eba194e7868b	signer	RO	Centrul de Calcul S.A.
523575047371bba88263e5ab5ded8f6b0695c5d2a192a6dd11406c476ba3c72f	signer	EL	Aristotle University of Thessaloniki Client RSA SubCA R3
5299ea42b7ee3d4422be47d0bfc64217426b57ee55a8e5465836a741c97e628a	signer	AT	Swisscom Diamant EU CA 4
52b27152bd36bce43c76dd4f8e8068a39a2230ebcd21a354c27485d12ff6f9e1	signer	CZ	I.CA TSA CA/RSA 06/2022
52bb895310157198aa8589c1977416897df484ee2cfe0df212ce2162cfb2d0bb	signer	FR	Autorité de certification porteur ACT 3 étoiles V6
5310b7104b576715e22005f530bb849533eac5645c63bdbef89ec075f36a2664	signer	NO	BankID - Bankenes ID-tjeneste AS - Bank CA 3
53390a8cbd57ac996c30e1ca9ba7508bb5ad8ff7a1adf2f272cf0469d08b9259	signer	DE	BVtrust qSig CA R2020
533fe97eb45fced24049e41efe9db254a5dd9d90dfd53c9512c6207edb21d82c	signer	NL	Digidentity BV PKIoverheid Organisatie Persoon CA - G3
538a45aaf9003d4d3988bbfcf9f859b325ce5f775dc0601205058517f9bc15e5	signer	EL	GRNET Client RSA SubCA R4
53b24005fd13671f549989c8c669059eabe77ad19ddee1e70f72c9fbb3c0d9f9	signer	ES	Sectigo Qualified Natural Person CA E35
541166f8326c1c4db6c769aa82d5f26d7656baa19b1909eb0edac93d0cfd599e	signer	SK	CAMOSR3
5421b3be8fbb4250285500dc6360554682a00022581663d3610f37850fc9b043	signer	IT	SSB Firma Qualificata
54483ca2eaeb99897052bd7527bd0cfd097413ec2dfd7f5b5490bccad2f294b8	signer	FR	Certigna Server Authentication Auto QCP CA
5498963dffa651604f467e108e65a183470fa9b557c129ddf8c9d812b4f0bf96	signer	HU	NETLOCK Trust Qualified CA
54d0947a37d535619e6a77c69f4f795563f43b2a59dec08fea34c363e5fe6f59	signer	HU	Qualified KET e-Szigno CA 2009
5527c5780f73efc197b2286cfc962da29d3b8a002cb1e3ef6e307888647e7e6f	signer	SI	POSTArCA Root
556af89ce58cc0537b0c3905c7254be59054ec9829b49b823219343a38b99128	signer	IT	CA di Firma Qualificata per Modello ATe
558f46ff83b6dd3ccd0ceba5db7bb1803c830ba74c3c8d7db41e1218e8834ab4	signer	HR	HRIDCA
55926084ec963a64b96e2abe01ce0ba86a64fbfebcc7aab5afc155b37fd76066	signer	IT	Actalis Authentication Root CA
55b80def607f88e31c584067d09d43344d94117baf648365847b1ce5b67677c9	signer	EL	University of the Aegean Client RSA SubCA R1
562d6a5b4b067465ffd0fbfc9bb05755cdacf55b5ee5c6f910b8b53db128f57a	signer	ES	Sectigo Qualified Website Authentication CA E35
564066ac9539e2ef214c6b34729aff15cf6daabd9e101cebd168376b93f8a493	signer	DE	ATOS.HBA-qCA6
56521521e7ea27eaae33f0095d5b871cda3af4a80a62e08594cbad6ef2806307	signer	NL	QuoVadis PKIoverheid Organisatie Persoon CA - 2022
56f9d399aef84a484041fdcf673c27be979badc0c5b00ab8bea5fb55d4a6c2d5	signer	IT	- Firma Digit. AIPA Cons. Portale San. Ped. OPBG
57dfcf332e64e6db58017cedb326fa413b1c9312b19c84365f9f9faf0418aff1	signer	IT	- Firma Digitale AIPA - Ascoli Piceno
58aa92961c1e035054adda64e883bfae1b21439cbf7ad61e33f67dc56e295f6a	signer	EL	National and Kapodistrian University of Athens CA R2
58f65eacd5a7e160ef9410f027339b978bfac97f48d15e3b385c80c534497406	signer	RO	certSIGN Qualified CA Class 3
5943433211120c59caba009a3444bee08498708a345a731eaefb5f46b70d198f	signer	PT	EC de Chave Móvel Digital de Assinatura Digital Qualificada do Cartão de Cidadão 00004
5999789a17df8674d098db057df8ed3764e96529d4a0eb56246de3c46fb0e28a	signer	ES	ANF Qualified for eSignature CA
59b49880637b4db199077cf0e3881b354356406bca191471e6062740d8d517a2	signer	ES	SIA SUB01 2025
5a475b9063ff929af002f155eb3f7a83f0c87184c191d485f769bb300ed5ec9f	signer	DE	Deutsche Telekom AG QSign CA25B
5a8359f73d8fb8d8544d5de8a79e41a66023a3c39c95d3eb579aa4b434fc0720	signer	DE	BNotK qSig CA 2021
5abe5818f6d02f05106c6c355540e1be217c2354b535cf2507bf8515e1a6044a	signer	HU	e-Szigno Qualified CA 2017
5ae7385644a83ed2e18c66ecb80993ea17941cce26d1ed6285df83cb35ba24ba	signer	SI	Halcom CA PO e-seal 2
5c541e533508d8b543763fc1fa14f03dcbea73072310d714d16002d323ae5d55	signer	BE	ZETES TSP QUALIFIED CA 001
5c7132d1bba73050f70eba7b72d141bffa2ee420ae2f690c37c42c979cb5a286	signer	NO	Buypass Class 3 CA G2 HT Person BCSS
5c7ac0f5ada82e251b4cb8d701a43a4a5baf369289d4f29e27ab2690a88162ec	signer	BG	Evrotrust Services CA
5c80e569fcee93f15a2bc0435102b26a04f5aa1ec9912c13a05881c1aad502d2	signer	NL	Cleverbase ID PKIoverheid Burger CA - G3
5c9d8aa6503d2b99b2fe1b099e79ea6d49fe0e3ca2789e5e57879d97a8848ba6	signer	RO	CertDigital Qualified CA Class 3 G2
5caf44b2923b146cb575ab2ab9a0a293a134602335d97e579c44493532f48496	signer	ES	ACCV ECC1 CLIENTE
5cb0fdef052bd18a0a40ada2235f46eb42b6d0993ed5a50de47e3ea12ff191b1	signer	BE	GlobalSign Atlas E45 Qualified Remote Signing CA 2020
5cca0301af2fc9e72706795ef435a5acd8cdc3b1d2fef6a4b97a0df73b3fa3d3	signer	FR	DocuSign Premium Sealing CA - G1
5d317f3c922f19688d270ceccc5c31605d30ed35bd61f0db0e68208d6617db0f	signer	NO	BankID DnB NOR Bank CA 2
5d584d943e2949fe8f9a6ebe986d960f39ee0d4d20e1a2f1c573908ffa495ae1	signer	FR	CertEurope eID User
5d968b19bff1deb125cc10836eb9bb3160a3ee60ffdf1cb8a434b8fa729c1ee2	signer	EL	HARICA Institutional eSignature ECC 2
5da70f12613e8f76f9ddcd67c05d78999a38c62441ec1088de0bba92f4f3a694	signer	IT	ICBPI EU Qualified Certificates CA
5dc9ac33c4ca0e3ce82c07b16b96cf7b901d426727a0411c4b9db64b2fc30c95	signer	IT	Actalis Qualified Certificates CA
5de90851a1a2235c515b8636c6a685990317cd4f30ef4a573e08ec07aaf1824c	signer	ES	AC CONSULARES G2
5dff586c9b7849b90adb3a9979447d002ce3cfb710ef8aa0e826ec0c0a89b030	signer	CZ	I.CA - Qualified root certificate (kvalifikovaný certifikát poskytovatele) - PSEUDONYM
5e8517c2b2abb6be1bb3d3924a7ef2b2ce8d7c4dd6bbb19861ed7273c9a51324	signer	IT	InfoCamere Firma Qualificata
5ea7d5d3f83e40e74840f077b698c232cf0e22296dcda5cab153dbba6459f53e	signer	IT	Intesa Sanpaolo Qualified Electronic Signature CA B1
5ee900888eb56fd2337564611d8a3724a6a74d3dbfba0be0c20e6d0d161d3071	signer	FR	2024 FSI AC Personnes Signature
5eef2a54a8a82199dfc8ef5db77bf8b98b8638c0cac35c5d7104cc5f51cb4c3d	signer	FR	AC Signature Contralia
5ef6eb4690e15c57c25a0296a9a93488b86aa5878a3dfc0859855cc5eb378a00	signer	DE	D-TRUST CA 4-21-2 2021
5ef71f5ebd4ee112847aeac115114e6271dc47080b4a2851fa419a09dd15c5a1	signer	LU	LuxTrust Global Qualified CA 4 RSA
5f1e50432b1835149757bf1ed119f14751b04d843f6adcd34658b61a75061b2b	signer	RO	Trans Sped Mobile eIDAS QCA G3
5f28b888456d21158c5e3e8a31719cf3b305300bc5b436b696be22f6973f1df1	signer	DE	D-TRUST CA 2-1 2018
5f4215e4dc7bc0d4bd985e9fe961d11094d632cff68ea5b7a03beb1ba38c57af	signer	SI	Halcom CA e-seal 1 G3
5f4de9476933306d850b530e01f543e70b461d48e402188f4e500679c304ed22	signer	BE	GlobalSign Atlas R45 Qualified Remote Signing CA 2024
5f6caa44a4663c441dd92c8b6655fbf97cf6e1d6934db8f5f8d97adf7033faac	signer	NL	Ministerie van Defensie PKIoverheid Organisatie Persoon CA - G3
5f9147824201b2e23d8e128f99adb9ec11c495796960fa0faef05f901a347c66	signer	CZ	I.CA EU Qualified CA2/RSA 06/2022
5fbf6ed4f0f87ada65fae7aaab4ad9e1b5a586939aedfb39a4926be7f65c650c	signer	NL	MinIenW PKIoverheid Organisatie Persoon CA - G3
601293ca20b09a03295d196256c6953ff9eba811db8e3ce140413c1bffe9a869	signer	ES	AC FNMT Usuarios
6014f88c181ca075e2f7b82a1f518fa604a22486abb72a76591962fb08646c63	signer	EL	Ministry of Digital Governance (Hellenic Republic) SubCA R1
605861e1a4fb523dccb8226d3c08867d5f24d608b45b4cf6366c7d0ae3c97cf7	signer	IS	Fullgilt audkenni
6081bee5b0df191ac4e265ac0f6f7899f078b8c89f06055ae166af91df70d6e0	signer	HU	e-Szigno Qualified QCP CA 2017
60adc74248a45f7df968587f38119f50e99b4e06d1a6241dc6b8f6d19cd2a38a	signer	ES	ACCV RSA1 PROFESIONALES
60af9e5f39d873b236be142bc706da571849aed7fae635fc5a1461a0cf7459c5	signer	HU	Qualified e-Szigno Organization CA 2016
60cc6fab2afd7d58d66d8547ffc19af2964f399d3e51bd2cbd83321b357f2252	signer	DE	MESIG.HBA-qCA 10
60e4aaf517c94ae63db051f2f7d8f23b2087a45191a5da77a59e205b892ff886	signer	IT	Consiglio Nazionale del Notariato Certification Authority
60fb6c64b6a50c3c9fa3a6a72ed89d1f09a9474f32627699134d0166e6c57b4e	signer	CZ	NCA SubCA1/RSA 05/2022
61579af4e6447ad67ee8199048379bff5c84580257383e0fa0afe874bdd23cbd	signer	IT	Postecom CA2
6159b01abdb4f26b5d18debba99fee80693a7bee96f0e3de0da4148b17d00b44	signer	IT	- Firma Digitale Comune di Bologna
6209f19406b7f33944e6ffcccf44fc772a7fed253be239eec4e4325e08197727	signer	DE	Deutsche Telekom AG QSeal CA25A
620ba94502329a506f3a2afb6500da9fa437c946e8d6e4b7c2148c29c8e76a8e	signer	DE	D-TRUST CA 2-21-1 2021
6256743752f0c0cd3df1dac4c5f44a789cb50076424bec94ea5dc86abfce4cf8	signer	RO	SRI Root CA
6284a03bafae861a30e3a25a030428306f7eb52bd0ba577a1d962a809a830c9e	signer	HU	NetLock Minősített Eat. (Class Q Legal) Tanúsítványkiadó
6284c3d2bb5e4a6a5551135e8f54c62585445c1a562724c7c0d507389ba557c2	signer	ES	EAD Trust ECC 256 SubCA For Qualified Web EV/PSD2 Cert 2024
62ad51dfc580a9f96b503d24de4234fd13dba61ee37a6d85aef2bd68595a37b4	signer	SK	CA Signing Certificate
62ee3127866b23c4d406774bbad1209aa02355357436dd0238a3cf15519264f4	signer	EL	ADACOM ePrescription CA G1
6360fbe1cc8ba4a24c02db5abea95a17ccf274a742dcb9b4340ae879c54f46dd	signer	HU	NETLOCK Trust Qualified RQSCD VRA ECC CA
63b53218981859afef7aa2b2bca149177bb5c013e2b96d8ce3c145c5c205c99e	signer	AT	EU-Identity-mobile-05
63eb5ba0de32d4ae2dbc5f2dd159df4e7eb24d61ba5370784eb072398650c330	signer	ES	SubCA Q TSA (G3) A.5
645282bb50f826ab03da159954862dc8ab28025236673ab435c90bc07f4a6a76	signer	IT	InfoCamere Firma Digitale 2
645e76b1e3592373565d36ca78c2f166683e211111faaeb2cc2bcd095c46260a	signer	IT	Intesa Sanpaolo S.p.A. IdenTrust Certification Authority B1
6483f01d5503f688f24ce33e3e1a10d419404e3dfee6f6bfff6ec123b0224088	signer	RO	AlfaSign CA Qualified
65625b8766b6a35f94b294f7a0678e233cf4b756278dd941631c82d371a2ab0b	signer	IT	TI Trust Technologies eIDAS CA
65a05892f6267a1e468cf4e1e547df83c37421fd609fe68c213c44d21dac877d	signer	PL	COPE SZAFIR - Kwalifikowany
66388ee649cbe920fd949fa9b77e2aa45b5dec4120b8ffab371b0c9c5e38c1c1	signer	NL	DigiCert QuoVadis PKIoverheid Burger CA - 2023
663fde94f8836a1febd83be8310979312d65ff8c1b716394e68f41d82396c1f8	signer	EL	Aristotle University of Thessaloniki Client RSA SubCA R1
664b05adfe74d07e3a75ebc8a298d547323433fa0aaf8bbb38febd9a949c72e7	signer	RO	DigiSign Qualified Root CA v2
66fc1f07f506bb00938aa3b20fed680faad51226a2cb6b3e86ad60a0fa921a68	signer	AT	a-sign-premium-seal-09
670420df2d7ce5a246e8f9b1212bfcc0d7d7b2f4544c6e61eaa86bc1862c74d9	signer	BG	InfoNotary Qualified Validated Domain CA
6718ac3bc116857176d70624079a84f54f4df375dcebe15714f7ecd2a9a5ea13	signer	IT	- REGIONE EMILIA-ROMAGNA FORMAZIONE FIRMA DIGIT.
6777464451c99b85b12ad323f73f7136c82bf4d13e175e9508258fc1375c73c7	signer	EL	Technological Educational Institution of Central Macedonia CA R3
679bcc7e7cc84947035f4c0bf3d28f191c9d212fc179e2ace872aa024c6cac31	signer	SE	IDnow TS Qualified Electronic Signature CA 01
67deb9c22fc4acfc544434fb2448869c9e1764e6e1e67be6a97b6ee5faf3d71f	signer	IT	- Firma Digitale Regione Campania
681ebc1822b079b97e0404e4687d9b6c0c0892c820f55738a282aae62529bdd8	signer	ES	Entrust Certification Authority - QTSP1
68690054b917c0e4a96092c4b359f7418098b64ef149a70b785a389c45515d10	signer	ES	SIA SUB01
69372538f59e30df5e15fe0f1ab1d3d4d8ebe04a652b31f13c2112f5a598cd29	signer	EL	Greek Federation of Judicial Officers eSignature RSA 5
693a034032f97cef40f7fb2ff5312aa93d7e361fb2b496c858e29eb779b34efc	signer	IT	ASMEZ firma digitale
693ae86123967f9ae3f9ad2512ef41da40df152c262507a74fae6241e6605914	signer	BG	Evrotrust RSA REG.KE Operational CA 2025
69fa3b211571427235fe64e54286a8b878cc74ad765d75c05869e59454701ee9	signer	IT	Postecert per Regione Emilia-Romagna
6a2a61041b0fe43fa40539940a9db27cb4051b2a643f86fc6dc4d18e004e64e1	signer	FR	REALSIGN 2028
6a38f907a0b9ebb55bc7b2250af8ddf5faa9749b77983f38571027c3ce398fb7	signer	IT	TI Firma Digitale CA - G2
6ab6349834712b0d898c5700fe4e1a9c203c5b98fef57187101689081997f27f	signer	CZ	I.CA TSACA/RSA 03/2022
6ad43c815cd847af82b180a2a0bd3902b3520e19cf0ed210d80099e597429900	signer	ES	AC DGP 004
6b3bd100b1eb365bad2afbbeeaf94c95e880f70ff725bd197f11ecb6a21a2086	signer	NO	BankID - Eika Gruppen AS - Bank CA 3
6bd15368ea1589e8c84121a540de96d8c4785085d326ee028663c223c24087c0	signer	AT	EU-Identity-mobile-09
6c0769c7ae3e971eb5163f766e7f9ca0121dc68e4eab03565d9fbbf2d944a77a	signer	LT	ADIC CA-B
6c67342ae8916b045c5f9a1d34f510b8bc31f90d03d3012a6704a22467df11ef	signer	IT	CA Qualificata BNL erogata da Actalis
6c79ab93a2374f173f9173b235d3f45eaa6c394ea489b0c013ef7e8e06c0f233	signer	IT	Intesa Sanpaolo S.p.A. IdenTrust Certification Authority III
6c98264040cef300d56572cc523e5af1ee27b8dde5abd90389ded74436af9636	signer	PL	CenCert QTSP CA
6cf9edcaeceb9b72506fb59d08d8706d62fb9fddfb13af1c0a7f729699c17c4c	signer	IT	Intesi Group EU Qualified Electronic Signature CA G2
6d66fc4e8bf3bb3679fe047290ed45b69462dc17880d9996ac8aec509c701d84	signer	CZ	ACAeID3.2 - Issuing Certificate
6e25c0044c7ebb30d01a4cc3d5733d734d06cd296a6823e63527f4182d528351	signer	NL	DigiCert QuoVadis PKIoverheid Organisatie Services CA - 2023
6e7923e286cfc4a79037cfc9125e1c6671887b1aa5e3673af98f38a467df96c3	signer	CZ	PostSignum Qualified CA
6ec500c00e41bda571a8532f17bcd5df737ee9fcef39cad34a85a8eeddc26b96	signer	CZ	ACAeID - Qualified Issuing Certificate (kvalifikovaný systémový certifikát vydávající CA)
6ec8d3551bd0454b0cc4b9db876366ae08764c5fcf15b00f9411bde30d5336ae	signer	EL	Harokopio University Client RSA SubCA R1
6edabb764dadfb913bc742ae7a335564b66fc6a2aa6a950547260f5663607628	signer	EL	ADACOM Qualified eSeals CA G1
6f21f21bb31e5ec5498567800b06c551a3a5511c6ef7383042570895ac14eaeb	signer	IT	TI Trust Technologies CA 2
6f35dbbde014a5c038c9d5b96cb0ec60607a455e303f105dfc493413ee743323	signer	FR	Certigna Document Signing Legal Person CA
702dd5c1a093cf0a9d71fadd9bf9a7c5857d89fb73b716e867228b3c2beb968f	signer	BE	Belgium Root CA4
705eb3a0b1f09deda3ed45766bbbc02197700abb1e2d1d9e2862ac589dc9fd77	signer	ES	ACA CA1
70b6a10c0ca76dece7adbe970b76a37d8a02857b134c7505b184ebd5fca4f3ea	signer	EL	HARICA SSL RSA SubCA R3
710e3cf7550aa399120796cd8cd695fa8e4382ede30f25c1dc9c326b70787d56	signer	DE	dgnservice qCA25
71a6b0cf7eb793c6a56bfb4a67a6e61e88d6ad41804a5de39eb8a443b66581ec	signer	SK	SNCA4
71ab420374156c1e6372cabffacd862593c2ceac1c851299d50ed7db974c806a	signer	FR	CertEurope eID Website
71e653bfbf5e72515b4099bbd5ec8872812b47c6ec1fa9add327e1c92c9ea16d	signer	FR	Certigna Services CA
736b996d339684729c43cb397d1bb2b2f3f4a7816a5e3c5d589203f885c5d47c	signer	FR	Certigna Identity Plus CA
737fbaf12d783e7199d3b27b3ee67ca018f88f1f973abdba70683a1ae323b598	signer	IT	TI Trust Technologies CA 1
73a0d6bfaad017084090ee16443266050431b274830c4615819a342c59d28cd7	signer	PT	EC de Assinatura Digital Qualificada do Cartão de Cidadão 0019
74d992d3910bcf7e34b8b5cd28f91eaeb4f41f3da6394d78b8c43672d43f4f0f	signer	EE	ESTEID-SK 2015
750a22729ce2be9a42224c258ab11115508022a193905ddb399a329a26635017	signer	NO	BankID Terra Gruppen Bank CA 2
757a70c7db99be1a87249a78a3af21421a1603d7bb1af917e7d74811cb79f084	signer	FR	Certinomis - Safe CA G3
7581229e2a546ce21a1b56e95e297bc7cbab69b4c7c17254f78ecb4855dbb3b1	signer	IT	- Firma Digitale TELCAL
75a6330ed167b2877a4387931303ba93d78f72f55a137aa5506fd32930b7e297	signer	ES	CA Vintegris TrustServices
75d704c752f3edb5ca18a4f11a5c3c5f6478c617f7b6614374091bbe4da7cf33	signer	RO	DigiSign Root Certification Authority
75e91d5f080c6e4b1a01fef7ef94168b4beb7e9017eaedec8371cdc4a72f9820	signer	IT	InfoCamere Qualified Electronic Signature CA
75f5c8db96b8e2148a6a958a478311f05c758fb7d96d5b8bc04e5b9d359c3b09	signer	CZ	I.CA SSL EV CA/RSA 10/2017
761503e31f5d1a48e1ecca91312dfc81c46265ba7feecf276f8c04d19264b93b	signer	AT	GLOBALTRUST 2015 SERVER QUALIFIED EV 2
76cbc9f9ab9c518326986918226374ba40b5f69c19ee4a02f73618b4dca7c710	signer	DE	D-Trust.HBA-qCA6
76dd4152cdde27040dd12f85110046929c177530dd89a03cc1008d50b829f6e6	signer	RO	SRI Qualified e-Seals CA
7828a5b906759a627d31cb628bef8477dd3c7f144e095c263b22ba1283268133	signer	PT	EC de Assinatura Digital Qualificada do Cartão de Cidadão 0020
783ed47b5175a90288d2767568426e8fc5ff726fa4bc0a035f4bbf3a9386a60f	signer	ES	SubCA SECTOR PUBLIC R Q (G3) A.3
786aa3b9b4ce59bbea524c46ffdb263044dad6ccf6ca37675e25b75c2ee34805	signer	DE	BVtrust PSD2 QWAC CA R2019
78a8c3e45b35cdb7d35410751773a9753ceb86612a92b25607743154b8e85f7e	signer	HU	Qualified e-Szigno CA 2009
7921baf2d6c42b380f18afb1513246eddbd9c477df3e3841dd88e332823f8144	signer	RO	Simplifi Root CA G1
7936ca6e1178a349f3d45d6e2996442c046eb47e82eb4b3bc0ed628a5b079ac4	signer	FR	Sunnystamp Legal Persons CA 1
795015caaca74715d341120d3f0efd192a032f1c00391797f54ef9980804a175	signer	SI	SIGEN-CA G2
79a49f18ea13d923457c3b9f63dd92ae33252990e4da281b63412034c747b3b9	signer	ES	ANF Secure SSL CA
79d10397ee0063d6d7e11b3ebc9f8847e3683b5b325928dde39d3a47b49fac6a	signer	IT	Actalis S.p.A. - Direzione Commerciale Firma
7a2d3a5f1deeeb8406fe6122c41bcfcd2d1ba09c881dc0ee3128c493e2b35127	signer	DE	Deutsche Telekom AG QSign CA25A
7ad7f62103944d5add7ac26743f1dc255771817c44f33f642784fc01bdfb2ec9	signer	BE	Banqup Issuing CA ECC G2-2025
7b1d60647e7dab721bce21bd2ec8d2af281207b01474b1a47bf5cf772a311d9d	signer	SI	Halcom CA PO e-seal 1
7b6f9ffbae220e1e5209770b06aca49d0b0f61e4c7d5df3ceae6c19768398981	signer	FR	Certigna Email Protection Legal Person CA
7b7caefee61e601179b2cce85309b0c57c57ba12ff40abe46ace1bb6ae4892d6	signer	IT	TI Trust Technologies per il Ministero dell'Interno QTSP CA
7b864ff738787d15c069d318eb78b085302739327cbc3e416301434e3e9e50b3	signer	RO	DigiSign Qualified CA Class 3 2017
7ce1db7d16e9bfe80693214a3d7c6263aa24789e399017e69ede4802ecf6f711	signer	HU	NETLOCK Trust Qualified SCD CA
7d2ba4c9666673791e5955c874868eeb938791e248572590b15aef3361ecf811	signer	AT	GLOBALTRUST 2015 QUALIFIED 2
7d35bf04c857282b422e851ea8a622b75d2eccbab65d5ba62598c1da4a11d502	signer	EL	University of West Attica Client RSA SubCA R1
7dca097ab7649e648217d0ade6b33992ebf2dd794b38bccf1b2b5fa52064bb2c	signer	HU	NETLOCK Trust Qualified SCD ECC CA
7df800075f5203c017364e81195a9ac9ff00c507d64a70f737d8d3e8cb3f0845	signer	HU	e-Szigno Qualified TLS CA 2018
7e376504d2df7385c6db20c1315802fab9633cf00a01016cd33a4696da5ebe3d	signer	IT	Cedacricert
7e4e551152f06c51db576236162514bafd7abce1a3a4141a1a7949bdcfe1a432	signer	ES	CA ADMINISTRAZIO PUBLIKOA-ADMINISTRACION PUBLICA 2025
7e9316a5cecfb90a53adc3c7769450f42cdc3a9b85df4c7577b053dcbb255812	signer	ES	ACA CA2
7ecaca4a3585a3b40e25574415512d56b57999b753017856f2ab15fa1f21f6d0	signer	HU	NETLOCK Trust Qualified EV CA 3
7ed19361ad734d703fbadf029f52ec3b6648d8dd56baba0884ed4f859b5b9375	signer	ES	Herritar eta Erakundeen CA - CA de Ciudadanos y Entidades (4)
7ef2a00acb1d00f93c099799d19d32bcb2e268d481fa485612baeb449d5ad21c	signer	EL	HARICA Qualified Certificates for eSeals RSA 2
7f8e1cb3350355131f43b834f52112ae5a726311405881a2bfd45bcf9f53f8d4	signer	RO	DigiSign Qualified Public CA
7f93e8e4bee47624ced4e8384dba96c4828d461d787d0ae3eb316de985d51c6c	signer	NL	QuoVadis EU Issuing Certification Authority G4
7fd0ffdf3aa0c96993dc6d1adad779226381ac7b5c48a01d1a2e4afc6c2f777a	signer	ES	EADTrust RSA 4096 SubCA For Qualified Certificates 2019
7feb6f8c9c847a449e0b702386c2319aa1191f38df02d03be64b3f1ae1971f94	signer	ES	AC SERVIDORES SEGUROS TIPO2 G2
7feb9374eab08d392717c647436dae06176a24c010607fda1cce5e5f0106b472	signer	NL	QuoVadis Qualified Web ICA G2
802235869f3d8b1806c27dec2734754e93004dff4839e51ece5628d28e9df1bb	signer	EL	BYTE eIDAS Qualified Services CA R1
80554339dd90bc66ed294a01dff87a649d974ca4d24b925fd5f6ebd0830d5ac6	signer	MT	Malta Citizen Electronic Identity CA
805ccc56c3f0119624886a0f68550bc117bf49fdb1e303ab256dc45fc7760948	signer	EL	HARICA Document Signing RSA 1
80a0d9b305176c4292b5842d439bb5d5f87cb6970b48b098f2f49546f897f7b7	signer	PT	EC de Assinatura Digital Qualificada do Cartão de Cidadão 0017
80ab1baac5caa236e8801792ffc88ddcce45a930fa30e578db944d51282e1570	signer	ES	EADTrust ECC 384 SubCA For Qualified Web DV/OV Cert 2019
8115e2cb4f04e56ea70ea932d0622831dd53b22bf6a93b3acd9125fab0374af1	signer	BE	GlobalSign GCC E45 Qualified QSCD Signing CA 2020
814406331b979fb14e87d1cb38ed0ef2bb5bee0a1e728937d6bdd5d494fcd5e6	signer	ES	DEFENSA-EC-WPG2016
820dd3b2d716adaf2e935c2f196e779d1947f31517488400cb5e616b87b42698	signer	AT	a-sign-Premium-Sig-05
82340ea4d7acd80df97dc7598c9495588cc8873ec9506dad0c11ea119433399d	signer	ES	EADTrust RSA 2048 SubCA For Qualified Certificates 2019
8265756dd5cd8a37ee61e40351288e4b16a89dd248c1ec4eba25aaf161abf498	signer	ES	AC Sector Público
827a6b205d2e73ff379286dd0b2ded5aec7239efe6bc8cacb03abccd84b95750	signer	NL	Digidentity BV PKIoverheid Organisatie Services CA - 2021
82cfdae3a70b6e375a96ed3cfc912e81a020104a8ba886272b5963adeca24411	signer	PT	MULTICERT Trust Services Certification Authority 002
82fbe865da22d1f25adf94bbd809d3f516125849e792db7bb18452304c2ecc43	signer	DE	Telekom Security EV RSA CA 23A
83c873c88056e810d74a71f665a49e76d24838178a101235329d193558b888ce	signer	DE	Deutsche Telekom SMIME ECC qualified CA 25
8404181ebd08f48d07066ae7fdaacdd1fda1567da6ea1cc208ceae9f64727458	signer	CY	JCC Issuing CA for eSignatures G1
845c0bb5384f873972a62bea7b5123c68ee9fce3a3d572a8c8e68603dbd0a644	signer	IT	InfoCamere Firma Digitale
847161fbbad4c303424cb1ceb860a93c9dee139b671c5764adcdc3f3e4f9bb18	signer	IT	InfoCert Domain Validation SHA256 - CA 3
8474513f02221abda47cc3fda9314ccfde0af281bb45daa781cccde7f4524c53	signer	HU	e-Szigno RSA Qualified QCP CA 2025
849a6a6f5ad1f26dd487701a15499a31ce4b911a3fffa61502787456d06e9772	signer	SK	I.CA - Qualified Certification Authority, 09/2009
84d62224525c18a2accc844196572b80ada245c5e5d1f9f3ad0e186a6fb9619c	signer	BE	itsme Sign Non-Biometric CA 2025
850225c00e680e8f11afbba88cd01fee719bafd48d44e4e529e92e47ba9b0c62	signer	EL	ADACOM Qualified eSeals CA G2
8522c10f0820633961bcf64f8d0eca32821d1a892ba6edc9cd469c265dd4f534	signer	CY	JCC Issuing CA for eSeals
853d20e018ee0c75368cd8561b73a3a22a465fc741612a329e915886db276a4b	signer	IT	Cedacricert
85c7fa32069903660f69edd5a63532f182ec5acfda1b156628cd81a76a794185	signer	RO	CERTDIGITAL ROOT CA G4
8622f6dd2521bc878b28bee30785543292411e233a7cc63e0899175cdcfe3a2e	signer	IT	ArubaPEC per CA di firma qualificata
8653a6b2ec8aa847706c2d4048b58861cafaedca333b2c145e96111e966f8740	signer	CY	JCC eID CA
86a62f63dcabec9f3d50beb185f43ba0f44253d67cd23b6c7959117ac550ba61	signer	ES	DIGITEL TS QUALIFIED CA G1
87172a8e152cd4c660a2a1c7660912d211c70e592b3fac0ef51150ff772a0c82	signer	FR	AC AUTHENTIFICATION ET SIGNATURE MEF QUALIFIEE
87aad978a5fe2ee941e4068f9963ea29bdaa58878d2412249a82cd22f8126d82	signer	EL	University of Crete Client RSA SubCA R1
87e75615d6227a282528c13d3378f1aa53dfef4abfa1fb8eccd6529dcadbd5a1	signer	AT	a-sign-premium-seal-07
8845e1f2663dd61c4573bdab76403c2131ae21ec09aaa3e073f4b303fe903e3a	signer	IT	I.T. Telecom FirmaSicura CA
884864acdb55e55bf1e5cf648ef434491e2f6990ff4a952e3fa4763a1a6c33bb	signer	DE	D-TRUST CA 4-21-3 2021
884c51d643be1126e72f3b1b7238ba57e0268c1d6c4a22acdd6249c1758a53b6	signer	EL	International Hellenic University CA R1
887d7f1deb7f0712c85afabf50cadf89bf02eb13e552cbf52d7b5df3f21db0da	signer	EL	National Technical University of Athens Client RSA SubCA R1
8884a7e1a5e7fed19e60e3598e10ef2105adff02a0b91df227069097f9dfdb62	signer	EL	Greek Federation of Judicial Officers Client RSA SubCA R4
88b87751c1c24121fa61293b056bc6aeca28afcfc7e98ad1b0f270a41f89922d	signer	IE	TrustPro Qualified CA 1
8965c83021a6799cc9bb37785d8bf931ef83dee8c8f83a5732c2f88a460873b5	signer	SI	Halcom CA FO e-sig 1 G2
89e9f42886b25325fbab7a920347087dc77f069926a4bda6d357bdbf36cc8f26	signer	HU	Digitális Állampolgárság Tanúsítványkiadó (DAP-CA)
8a386ed1c0932603d3b5f4789b7fcb33cf09c81a56de97fc826747956c2e786d	signer	ES	BEWOR TECH CA1
8ade571db9b80ec4cc5cfd4d9fddd0df6b0bb9838e369fdf6a0a497b54bab13c	signer	DE	BA-QC-Wurzel-CA-1:PN
8ae7a4088fc94b0cfdc770a86876f5c9737b8579597f2950d9629ba506b0c7c7	signer	RO	Time-stamp Signer 1
8af56ded3222f50f1e00b75f44f09a0ec322d09a7cfa0369e39d5e7720369bd2	signer	DE	BVtrust qSeal CA R2019
8b14a64e09228602cff90bdcb5f23e25a8e8c5573a2731667cc6738c6c8d45a6	signer	SI	Rekono RSA RootCA-QC
8bbd30d01c73e6eb71643638f7c9c2e23755decb7a696164d6a7449ddd48440a	signer	HR	CERTILIA
8bc40a21ab7e3a3ffbbdbb826bf347aa3fcb4c7087022268bd09e280c7fc8ed2	signer	IT	- Firma Digitale RTRT
8ca6b7efb0af925c9dafbf45f56da5abfdffdc3819fb3f3bd8cc6c2a923e9216	signer	FR	Universign CA hardware 2019
8ce2d7b6cf000b3550210a4c85284fbbca3dd31cca2cdb8203d4a372f585a188	signer	DE	dgnservice CA 9:PN
8cfe1315b167fcbfc8b1a9eb54e97f13282ee2507e0d23b0148d053ae8736fe3	signer	EL	Greek Academic Network CA R2
8e6af1e1377adf7ef19a89796d2c3dd72ac09d86448a47c92c2ff91ec3d0259e	signer	ES	AC TSA CLIENTES
8e886cfa83280e34a28f9fc1e136049925fce51d15d920ec206b163fa6f1672d	signer	PL	Centrum Kwalifikowane EuroCert
8ebc96106efef27fd369d5d85e736e4c4e31ddac22e316892355c53b282ec137	signer	SK	CA Disig QCA4
8ee2f003e3add19f76db49247e4a3f3272316946124a4e520d78e43615d4ce34	signer	AT	a-sign-premium-mobile-seal-07
8f540ab3e89d71e9d2f71286f5d8404526f4fe41ebfee54d18b5e02df0d388da	signer	ES	EAD Trust RSA 8192 SubCA For Qualified Web EV/PSD2 Cert 2024
8fd16a179944d5d1d420af09405eda7abf2a9c742883e8c2f89e0d90afaf754b	signer	ES	AC Representación
8fdbdccb5820f1c79ef8bce190e2b3cd2cc3d0b6bd8311b1f75fbd48bbc230d4	signer	FI	DVV Organisational Certificates - G4E
90f70db89e1f300aa162ad351e44d5d19a64be441d59fd8c57fc7af71bd5352a	signer	IT	InfoCert Organization Validation SHA256 - CA 3
914d6da7bcd4b31c25730b3b7a188dcd7aee49ea40f6e087bc2859085c0dcff9	signer	EL	HARICA Institutional eSignature RSA 1
9185f4736720060e3fa8fea6d3bf4dbfe5818acec10eb8dd3f378c028704880f	signer	SI	Halcom CA web 1 G2
921fbf654232208231e982c6b6c040f0f55687f84ef5315073b00ad9fa3b154b	signer	IT	CA Qualificata Regione Campania erogata da Actalis
922b74719eeacccea9cf5014f7afe53826e359ce26e210d473dfe1433ab6cce9	signer	CZ	ACAeID3.3 - Issuing Certificate
929a399f4dad0d57a5db22fdc52699053bd8ec656fd31f044714b8518023c0c6	signer	IT	sanpaoloimi Production Identrus Certification Authority
92f58f7c5d16d6bdf0b228632328b24a72d4d9ea1c4377df7a010e83580d9528	signer	EL	HARICA Institutional eSignature ECC 1
930f2575d4893c0761533ad83442a22c025905c5f3ed6118953ec5a6d846e05f	signer	HU	e-Szigno Qualified TLS CA 2025
930ff2e32340229b1750c71e73ce797eb2af7bfd66bf94871fe56e0c9380a640	signer	AT	a-sign-premium-mobile-05
93add7c8486bf15a416949e1637bc219a3455e374e0eaf980153035ab17f3ec5	signer	EL	HARICA Qualified Legal Entities SubCA R1
93b787329d00f17775495ce6897890a00ae2bebb4fd1a6c897d478bdd9a812d0	signer	RO	Centrul de Calcul S.A.
93c087ab9331b74c0fccce11bc61fb9fa6d432077d8f1018194fa4cca664d781	signer	ES	ACCV ECC1 TLS
93c176167eca02a1b262b16517ac5fb5fc25d3568d97ecddd04e3a6126b6c7ba	signer	FI	DVV Service Certificates - G5E
947253fd2ba617f14fb0930d9db35dc41c1baf88834f651b6e56164eef6cf3f8	signer	FR	YOUSIGN SAS - QUALIFIED SIGNATURE CA
947ec40bc41abcb8765b29bc612eafd219f5de5fef2a569bcf73badb2661e094	signer	PT	EC de Assinatura Digital Qualificada do Cartão de Cidadão 0018
94b7996e971b47a56ab825807d44ce680e2d76efb91c68438ba53d7fbae7f28f	signer	DE	MESIG.HBA-qCA25
9568c702a2d18564eaeee8937b7958b2787e5bc71f0d6fdb6392f2d95d93b575	signer	IT	Zucchetti Firma Qualificata
95c4e7e2b5c2617e877442f4276146f8895cee8baa33340efa03e45a66d62d25	signer	EE	SK ID Solutions EID-Q 2024E
95ecbc7cb2f4ededadde87a5b7d5913b26a1cc819dcf5bb13140554c010136b4	signer	IT	- BNL S.p.A. Corporate Firma
96693ee8a4310e9c21893021b536e28d844a3587789b4c3d6c436e456db71871	signer	FR	AC SERVEUR CACHET EIDAS 2025
9686c98036a3330f98da33cd4203c49f91152788b167fc181da9eda40f1e7357	signer	BE	eSign CA eID
96976b6fd2b59117023b59afaf032017c48cdad9392baf33264e982eda084dde	signer	IT	Actalis - Firma Digitale
96e44dca8f33867659fda703a61d4d4f1077ef4cf4f8330e04b28544deb572ef	signer	EL	BYTE KSHDE Certification Authority 001
9716c6dda3a46565302a12fc6229c7fa0a01a623414c59a96c8b108bf770b6bf	signer	LT	ADIC CA ECC
9773e45d7bf11d2ae9211447496673b4e46d074fd5ba2ab271b7d07197def895	signer	PL	COPE SZAFIR - Kwalifikowany
978bcf39c3c3aacefe1048fa0360283dc2ebfa5150024c5e378514d3e75e7295	signer	EL	Ecclesiastical Academy of Vella Client RSA SubCA R1
97da26f808dbed28ecd9a7193a5b86969f6468012a58cfe97d44ce07a4d9f16b	signer	AT	EU-Identity-mobile-10
983329b00c3052d7eccd46bf2cf3e29d05ae93d1aa146bd5078c3726ae8271fe	signer	ES	AC SECTOR PÚBLICO G2
986373dda59fd09384b0a47c8e3155ab7424ecda5dd82db2e2a43fbd7591434e	signer	SI	SIGOV-CA
98fb1f6a161beafd4ffc65449e9c9d99c11a10d7c1d4708935056cda4bfb9c15	signer	FR	Certigna Document Signing Natural Person Plus CA
9923037b3185575370305d1b93815de0a508f3fc3ef4f159f782c02f91534004	signer	AT	a-sign-premium-seal-10
994de1799320be8340f86683709bf9cae4284838c6f0aabe3a46d99adb009b51	signer	NO	Buypass Class 3 CA G2 HT Person
997d1e997512a8a320cda2c24db9d2aab468d283c8a430136507a49fbebcc705	signer	AT	a-sign-SSL-EV-10
9993d183292afc4165abcd272b4454321459183ac7b4191139503372bccc28a9	signer	ES	AC SERVIDORES SEGUROS TIPO1 G2
9a6138767271380b0d9c6f3f5a5bee29502fe3192cd82c7f5068b8a20aeb1f7b	signer	AT	a-sign-Premium-Sig-05
9a6dc0a61ecaf7b6515adefddd697ce0113902a59e93d385f02813a0f13c1c63	signer	BG	InfoNotary Qualified Legal Person Seal CA
9a6fc4ab4db1ea6f6663507edc1d008f091ae88fab6f3ae56a84a4090529ef58	signer	DE	Telekom Security EV RSA CA 23
9a8fd69bf4f5dad68dedf9b732264df3644d2e2d1fbd463f726cc77087636b71	signer	EL	HARICA Qualified Web Authentication Certificates RSA
9aad0918fbe3d382db7e0ebffeeab4f380c9a9b4f55492f945c7f3c9d7b28308	signer	AT	a-sign-SSL-EV-09
9af054875d1c15bbf6c9cbb7f22a6f4d9a0e983d3ee6bf3ab9488919e57ccbed	signer	IT	Certicomm Firma Qualificata
9af61df3c40e213df981266427607a68e9508482e3c9472183a469259602ecd1	signer	PL	COPE SZAFIR - Kwalifikowany
9b083dc45b1bec211f93098f915d3d5ee2d7dfa93720fed4e286b83c1ef4469a	signer	ES	UANATACA CA1 2021
9b40e3ff7685ea3a6b27fb9daba12bceb769d1bd94561d9e735923dbc1e928cd	signer	LT	RCSC IssuingCA-2
9b6f0e26a862c0ee4e7539421009fe0d348561790e579c30c7e6e59172e6a5f0	signer	HR	HRIDCA 2025
9bca87c417df1e33391ee76f277119e892395a7eb9d90592bb2fb3746c76fb68	signer	DE	BNotK rqSigt CA 2020
9bcf0db14d58aab0097a1974c188248adf446bf8952c76d60e965872a98d5aca	signer	IT	In.Te.S.A. - Certification Authority
9c0b9ebea95590d0fafe4a46c62e49dd0ba6cc0a80f89019a23d037e1a4c1b5b	signer	FI	VRK CA for Organisational Certificates - G3
9c0bd10392d1bca3867440373316a862b962abbffba5b98f8a8f5209383f0ab2	signer	PT	EC de Chave Móvel Digital de Assinatura Digital Qualificada do Cartão de Cidadão 00007
9c64e24d2caaa8dd45ef99ba62277ceee6005c663624514b8c770e2d075bb611	signer	NL	Digidentity BV PKIoverheid Burger CA - 2021
9c872bc979a7c09a58d4a274c199e5cb16cfa9b9618d98bc9a9988e984b8495c	signer	BE	Belgium Root CA6
9ce630b35f8ae2c6419e734ad9d2fa30476dd9e7394b1e93b27f83f776a024ea	signer	ES	AC Unidades de Sellado de Tiempo
9d08eb7caa71856369f2d1ccdffc5773e82d9c96d75aef814c894d55c4fef8ee	signer	RO	Centrul de Calcul S.A.
9d20777d90b1c1e499f92ed761201162ffd0b575e3d194116e062cb309cfd6b6	signer	IT	ARIA SPA EU Qualified Certificates CA
9d433c237c3aee7a676c9a2ed4eccb9e40ed17914655571624f0a89969b634bf	signer	FI	DVV Social Welfare and Healthcare Service Certificates - G3R
9dfb67b07ac2ddfcb5e5e570b486126fbace67e252c77438d0392aff8065f08b	signer	BG	InfoNotary Advanced Personal Sign CA
9e27c472b49869a0d9a5205e14f2198cebf127b2cf4ac5f688a154033522194d	signer	IT	Zucchetti Qualified Electronic Signature EC CA 2
9e4115fd70e2317e15bf811552610643b32818a0304aa3c97685a76465493261	signer	HU	e-Szigno Qualified TLS CA 2023
9e4362a918a89009877c7b8b190e763ae012ad47c1cca5fccf166fc092bc2ade	signer	HU	NETLOCK Trust Qualified QSCD CA
9e48a8b70e6cf4cf7099db8995ee9ef5179911dc8830369bf66518cd5fa8ac01	signer	HU	NETLOCK Qualified Public Administration CA
a008209da8eea5d669aa9e48382af0528087f5830b0919caa99507c57eca1a51	signer	SI	ACNLB SubCA
a01af65ffcd95b7f0201513567149d476c88fd059013bbb57048cb3efd5fdb56	signer	HU	NETLOCK Qualified Public Administration ECC CA 2026
a028fb2822d0c2699a451b7083a984318f7a0102a3b42f5b089d99cf3f9149c3	signer	DE	D-TRUST CA 5-22-1 2022
a045f6acb1f2d0d190ee07dfb6f6611374338bae1905ecb21918c0d7b19496ee	signer	SK	I.CA EU Qualified CA-SK/RSA 10/2022
a0afdbcf00353b72a32748998bba311c1c4c393516401f19832d14e47cdc26ac	signer	HU	e-Szigno Qualified TLS CA 2025 EU
a1015c4772f062368fd6a6254240fdd5059a88f56231e2e1244928c8cecdc919	signer	RO	AlfaSign Enterprise Root
a14385c34d57b964850541e52292b9d7b81b130ad6723b207f7fbbc4e76352cc	signer	LV	LV eID ICA 2025
a14616d1e8c0b49e0e21cae2b542a8351a26747d3a18a45999c38ba1d078b6cb	signer	ES	EADTrust RSA 8192 SubCA For Qualified Web DV/OV Cert 2019
a1a04e4cfc56fd1917eb481fc46629a2e46656756fa08e22487f54b64e1ca3e7	signer	EL	GRnet Client RSA SubCA R1
a1ec6efe189d18990d883ad740cf885ded5f04c6f9cb166470b6b33605da5797	signer	IT	Intesa Sanpaolo Qualified Electronic Signature CA 2
a1fd68050a6ba1590cad9d28b03eba0e857f2c9bc706b7c74eef1d475bb0bcf9	signer	FR	AC Imprimerie Nationale Substantiel Personnel
a2fe481dbd77689629828da50957b55b0d2cc4960601b3cb04e60c1dc3bc246c	signer	SI	Halcom CA TSA 1
a30ce34053be0320f752144d39a221baac9713136db27913d3e0bf379b310684	signer	IT	- IZSAM - FIRMA DIGITALE
a3f0ae891c9e724adea169dcbb0fadfe11a2037a5ea970ed0263938ef24503e8	signer	IT	TI Firma Digitale CA - G3
a406b7bfb6776fe503be18c0e6e709f8a5bea29d088a4e7abd483d4661b3ac60	signer	IT	TI Trust Technologies per il Ministero dell'Interno CA
a40938babd88ff42144b611298e90b3426194099152c49eaa4a8a6eaf42d2dd2	signer	HU	e-Szigno Qualified SMIME CA 2023
a442ec1e4490aaae709cfc6f42a9afcc89198dc2e06fbdd215c69a0a7c53324a	signer	CZ	NCA SubCA1/RSA 10/2023
a45401e3199760fd0e1684883571036a5d6df5dd1a3c491a934f27b51b495afe	signer	IT	- Firma Digitale Intersiel S.p.A.
a4720b5700d13778f2c433f4d6353f5bd9c29603e9fa1e42e57a9e67be14cef6	signer	FR	YOUSIGN SAS - QUALIFIED SEAL2 CA
a55a6e1792c06a8314ebc5d63fc63eb5469b92945520e8db55c1c24705ff2a38	signer	IT	I.T. Telecom Firma Qualificata CA
a58079410623d3300d2c0e2340f6da885774cc0af8a5b4a0b9e689ab5b8fe420	signer	EL	HARICA Qualified Certificates for eSignatures RSA 2
a59f880816a50886d4d5996e64918dd9d401472aa685d28e7deca5299f05fce0	signer	HU	NETLOCK Trust Qualified RQSCD CA
a5a859ce0310a85f42a5411da63f83b4144eb94bc8a65a9975ac8682f667db77	signer	EE	KLASS3-SK 2016
a5c53cf6843a395e6ec244e9b27d58413295428ded97586fd4f67aa4ab8d49a0	signer	FI	DVV Social Welfare and Healthcare Service Certificates - G3E
a5d944f0c6598c8a3a421ab320dd6e82e1c7a373b4812ffb2508f638804082ab	signer	DE	D-TRUST CA 2-1 2020
a5f2fd0d66db4dd77a2914ed3c747cbd97e734cf4e2b6f217fb41aa4eafdead2	signer	HU	NetLock Minősített Eat. Spec. (Class Q Legal Spec.) Kiadó
a5f7150bc358d1498bfdd8eb39732362dcb6a903f57451b930363bdfaf835ba4	signer	NL	QuoVadis PKIoverheid Private Personen CA - G1
a610ad2025ed0aa84259ebb9289e828267d35082430cbfb5562f3066debc2e88	signer	BE	DigiCert QuoVadis G3 Qualified BE itsme RIV RSA4096 256 2023 CA1
a61399484896d85dfe6c4ceaa26b36ff12d9508d457446ce762d7dbdb78d73c1	signer	IT	I.T. Telecom CA
a66b485645a5d66a5714a360e02ddf3ab71875e77db198ba321a8f62ff01d7e1	signer	ES	ACCV RSA1 CLIENTE
a69db3e86aa6f4c5d420106e149ba7438424dcdf0fc7e81acd41344a57bf6c08	signer	FR	Autorité de certification porteur AAE 3 étoiles V6
a6b34f7b0e87446362bb1a2bf3ee95dd56d8ba97a9ffb03df41031377ecdd6f8	signer	FI	VRK CA for Social Welfare and Healthcare Service Providers - G2
a6f1c40ed3a73fdd5108a45f5a6b281d605c9b4a60515aa9cc4dd1bb545d2799	signer	DE	BNotK qSig CA 2017
a76304252c241ff655d54d28847d9de5eade45cd1faec65b46daa4d0f490311a	signer	DE	ATOS.HBA-qCA7
a77181002bc6f44064c55cdbcc3898f0024a840b243638f8ba7e39d96ed45bde	signer	SK	CAMOSR4
a7a787e88c3c6b76efb755f6a1abf27da6ac21136d68f694f9b23326321bda0e	signer	IT	Cedacricert CA1 2017
a7cdf7f580ea9016fd3ae07f642f5fb58a971224e6c4e92a498a33537b2034c8	signer	CZ	I.CA EU Qualified CA2/ECC 06/2022
a7e52b3f5df5d5122751e167ba343f1b87ccd8e45a9e976d2e0aee8c7caebbd7	signer	DE	Deutsche Telekom SMIME RSA qualified CA 25
a801f677a073b961e2eeb16856c1a797befbdd4d3c2434ac062b392c8676ec3f	signer	IT	ArubaPEC per Regione Basilicata CA 1
a8339c7bf6003aea6b343df9e5792663c1a5fb9ff4966433b0923e0bf64256c1	signer	PL	Centrum Kwalifikowane EuroCert
a83d4488255c469f6626e3711c69229bdc8ada567cf29b2ea65fad19292831c2	signer	ES	Validated ID Subordinate CA 01
a885ec8218b1c96730b0264ecfbbdee06c97b701faf80dccb26920f5e727ad73	signer	ES	ANCERT Certificados FERN V2
a8bcffb66a517c68442a5e2ead033584db58ca5ab09b19b17c822e82d39ed1b2	signer	RO	certSIGN Web CA G4 EV
a8d14e945e3e5156bcae5e39737cf6a1b1f51028bbbf982f50ce5f4c05568b4d	signer	BE	Belgium Root CA3
a9841d2e47cbe6d71d8fafdf38387f93f43d76d792504efb17a21020c58c0b89	signer	ES	Sectigo Qualified Website Authentication CA Natural E35
a9b5698c5263beff3d60720dc1844cb95d16f06e04268bce3be4d60282b01ef9	signer	NL	KPN BV PKIoverheid Organisatie Persoon CA - G3
a9c331aa8e3e6646d0f9e4ec30a8e3c39746a3cc42d5e1850c8280be5f172ead	signer	DE	dgnservice qCA 22:PN
a9c896180f41d100b3e5be1ada270722b759870c96f1c88ee19c5ee4289104ac	signer	IT	Consiglio Nazionale del Notariato - Servizio Firma Digitale
aa0e83b4ae0036679703d1603bc7e63a080464a033ae4b9f465838adc85c61ed	signer	BE	QuoVadis Belgium Issuing CA G2
aa1c0aece5d897485444ac9da96950d827ed492b66490239204873f97beca357	signer	RO	Trans Sped Root CA G2
aa524a7024c36ee1dd82d47abe02860cdfebb3d6149b389cdd79d19f5401703a	signer	IT	I.T. Telecom per il Ministero dell'Interno CA
aa53228264e1dd6adb08194fe4c931bd7fd1c54c59b26445409058a8846d4c24	signer	RO	STS
aac7655e45299fb300d2b74c0b27dcbf07da2ffa40a0e3c7ab168d8b7db33f4d	signer	NO	BankID - SpareBank 1 - Bank CA 3
aad1beac4696102a88bf9d518d64f8b014f78f9b152579c959998313197924d7	signer	FI	DVV Citizen Certificates - G4E
aaf0a860b5a4f14f472dfcb20d37e118cc7895c8d1dc8ce375fee094247261e3	signer	DE	Telekom Security QualifiedID eIDAS QSeal CA 2
aba75039f522b132b7c3b766dfe450ec813e292a533167c463636be043837b36	signer	AT	a-sign-premium-mobile-05
ac0ab4a66aadb0f2d8c6d72aee364763c66b78bd927fbc9d448780fb04fbfe15	signer	SK	SVK eID ACA2
ac2930b9d77a3f0d253374fa01cd3f44e80184d60c5693637dfa2cc427c3e92b	signer	DE	Telekom Security OV qualified CA 25
ac866830d7b8d71273c7cde057a8d53e934c4e6f16947d138a123cbec8c63bde	signer	ES	Sectigo Qualified Natural Person CA R35
ac8c7ef96eb4b535fbfb4e7521f130536198a60dff716312b22d4acc4afe9a7d	signer	ES	Sectigo Qualified Website Authentication CA R39
ac931602b0cde9064a95a51dc1e24df29be6a0b4a705bceebbb3bd8b91c7532b	signer	IT	ArubaPEC per Arma dei Carabinieri CA 1
acb2150bff6485cd843784756dd872f58148b45b16dbac23a3c8ebd695933587	signer	CZ	NCA SubCA1/ECC 10/2023
acc73559341ce71947ccee9c677042548bf1bac44eb7ba61fca84113293424d9	signer	IT	Actalis CA per Firma Digitale Qualificata 2
ad2645c496f798298fc8f11a8d70793706d4a740b2edea352620418b7c124ddb	signer	DE	TSYSI.HBA-qCA7
ad304215a70bf5d06e84973bf49862f10cff490da9c97d1d6fa6934f8e3c98af	signer	BE	GlobalSign Atlas R45 Remote QSCD Delegated RA CA 2022
ad35f5a68b308c7901605901c7158dbe01bbb68f2603c5bfd5047db842b203f9	signer	EL	BYTE General Certification Authority 002
ad73b87ab9b9e4e28b99ea56e6c8c886759c77bc9da65a3f98c94ccbffafc272	signer	PL	Centrum Kwalifikowane EuroCert
ad889f244dc9333ee4ef7db8440f5506447153be44e8a7d97a8efd4b3c34ef9c	signer	RO	Trans Sped Electronic Seal QCA G3
addbe88b468154cf8f7773288c8c50f760879e490892aa9272815b814e721e7d	signer	EL	HARICA Qualified Natural Entities SubCA R3
adeb0ac1b37f5da44a6848e14b735970f920ff9c7625da8aa099a89ea6d77c72	signer	EL	Technological Educational Institution of Thessaloniki CA R3
adecfba900af836536a21d4f30fba95628ae18bf2c139cd9a59af131e4497cf9	signer	LV	eParaksts ICA 2021
ae150d6e474880abee844628e90bf07c65746813c13ea415e1df50e2f4a4ef69	signer	RO	AlfaSign Public CA
ae95adea76a53f3eb6a562125aa28c75c88005b9722e205f91f676edb2849700	signer	DE	BVtrust PSD2 QSEAL CA R2019
af33778a2215533739b9fb3a2e38d9b66d44785b6c0803d2c1e2ceb54503dd61	signer	DE	Telekom Security OV RSA qualified CA 25
af9f3bce85779a95c56b4e4d90cdbbf8d4215b9dd5b36c79ea80b05da922b1b3	signer	AT	GLOBALTRUST QUALIFIED 1
afa38fdfe1fae7eed7365245583464e334080f8313b4a2caba14258b5451d6df	signer	NL	Digidentity - G4 PKIo EUTL G-Sigs LP - 2025
b043295f0124d40f8677fdf2edad0b34812a469d4286c9239730649530100de2	signer	PL	Centrum Kwalifikowane EuroCert
b0cd0c093ea1d652754014c6af2e2bb21be1838e958e906b05505ecbad60bd97	signer	ES	DOCUTEN TECH CA1
b0d9afda74163609e4eab017eee4ce0b235aeef7d68c06f86e74c6387999b2b7	signer	NL	QuoVadis PKIoverheid Organisatie Services CA - 2022
b0f25a6d9a96315c7cdaea3e490e7bfa9fb17310b0701b7cd6ff432530837730	signer	HU	NETLOCK Trust Qualified EV CA
b1b042be4d8d345c9303e0eef5296200b1b45366bd6702f4eb6e765994275435	signer	IT	Firma digitale Regione Marche
b211c48c2bd45066dddc3c62658b135d85fe1305896fe32faa2be70ba4aa0773	signer	ES	CAEDICOM04
b29224c320ad97d9d1e6daa014b39f0a3577d4ae97aefe02f4dbb059d08c3640	signer	IT	Banca d'Italia
b29527f83e7d99744c0d87460025341439c7ac90d74a6061dba44fe47f5d84cd	signer	NO	BankID Nordea Bank CA 2
b2eab2bc0a4a91f526b95dbdf43604be59a38dcbeea96e88a6edc8e1f9406b59	signer	IT	- Teleskill Italia S.p.A-Firma Digit. AIPA CR 24
b2fda13f819007e924a5ff453fb4a450c2d3451fdb432ced4abd34532d4477c2	signer	SI	Halcom CA FO e-signature 2
b3472a9a9db78ebbc260ea628bd44b593c3d7b1367f25dfad659ff5e9198b0df	signer	DE	D-TRUST CA 2-21-2 2021
b36425f1491b2ee08ec87b69c23ea6a76ebf769c4c34fe3798a4cb9a1990e070	signer	NL	DigiCert QuoVadis G3 Qualified Europe RSA4096 SHA256 2023 CA1
b3943bd0c0ffb4b41cd9e1ade986abe3358312d6aa6c5dd245bb7b0d63a5f851	signer	SI	SI-PASS-CA
b3b9c8591297db3b9e57013ddebddf486758f322072af0d1d19a0781069e4c9f	signer	LT	ADIC CA-A
b3cd228247f1afaac539d80b4a610e03cf90f0dc845d89ade62ec4a7eac00bae	signer	LV	eParaksts ICA 2017
b41af4a723bfd76dd76f0c1641982e2d0ddb33a08ebb5238ed4447ed9cc22e62	signer	RO	Digisign Qualified Root CA
b45ab8e079025df9783535a720862129c9b2d22672b9be8dfe7cd2eda33f62a3	signer	ES	AC SERVIDORES SEGUROS TIPO2 G2R
b4ce3f048f90aebe5e168e7b8781354844525bbcdef878e2421cbb3f467118dd	signer	ES	INFOCERT-CAMERFIRMA QUALIFIED TSA - 2024
b509008268faa5bbfffdaf22815b8288625ebc1fc33c35cd18c65bf02636c969	signer	DE	BA-QC-Signatur-CA-20:PN
b5639b8f444e4f601b7c796450af402741d77d38ce71d62e75c4cf7726c44b47	signer	RO	AlfaSign Root Qualified
b58b4855be55862c41cefe5a415770139b72c06bbed2c4335f6dff70cb29518c	signer	SE	ZealiD Issuing CA 2020
b59de5ba6936f637b38ec8965da4a747662d08c65acdf51506cb2fac9a7eb857	signer	IT	Intesa Sanpaolo Production Identrust Certification Authority
b5c24b769bd7ff7b60e6fe9e707db31a0a81f36b9f97e4ed3b401881cef47c37	signer	IT	SIA - Servizio di Certificazione per la Firma Digitale
b5d12a374e6303ad3b755ddb967f35a78194a6c7d899016b3d971163f694bb04	signer	DE	BNotK EC rqSigt CA 2020
b6828250c19c96104aaaf30928c40cced2618fb555c5e9b514a17c137c8f56ba	signer	EE	SK ID Solutions ORG 2021R
b6830f17b117b516b61990e4a8cf34718a984f0e489e73e646950325e79cc2e7	signer	DE	MESIG.HBA-qCA 2:PN
b689bfcfdaee078405383971e848c3d077457cd0ec6b685550f10ed250f8fdc5	signer	IT	InfoCert Firma Qualificata 2
b6a80a71146bc15f8a9cca6b57a793b0c502ddc334d62482669c345854040be6	signer	RO	certSIGN ROOT CA SIGN 2023 RSA
b71f8c7e70b114143be90ab47e4f1fc0bac351df52bfda8f5206dc6abaa35f76	signer	RO	AlfaSign Enterprise CA
b76911a3352d1a27b3c355f049cf6fbfc5e3e4975bfdbdbc1fa041327fc76d7c	signer	ES	EADTrust ECC 256 SubCA For Qualified Web EV/PSD2 Cert 2019
b78c7f63e24583c7d40c1d33d8dbe116b382b4beb9ebc41a1a068d519baf4bad	signer	ES	AC Firmaprofesional - Secure Web 2025
b7cdf23a73a2da1b515a64403e90a3b90c45ddfbb2558bc1c12fb9bcfa2e5a23	signer	ES	ANF AC Qualified Certificates for eSignature
b7fac27aa688e9736cb63bbb0c8aa40175f6a3ea6e2514d734311dcac9b5a545	signer	CZ	I.CA Qualified 2 CA/ECC 06/2019
b81900ff75a45de32668d9f39b9975c234f8e0a54f08e730d5d7e0e55dc294be	signer	DE	MESIG.HBA-qCA 3:PN
b819d0f526851b6a1a8583614fbe8aaebc30a8ab93b9a0ffda10dd6a9e79410e	signer	RO	STS Qualified CA
b83a40f46449e36ea4eca25afa47bc9c46492af58bb46d9f7f533697a474d2df	signer	EL	HARICA Institutional eSignature RSA 2
b87f2ca5ad30259ff3e5588de131c3626d5727cae24f9bc9b007026dbcc2d652	signer	ES	SUBCA SSL 2024
b884ed6527433687627d35157e904690d2dff6a5dcd3ce267bbaf159c06f5054	signer	HU	Qualified e-Szigno CA 2009
b891934ac432d91fd40484a60a253f6fd041ecf0256ed52660a0c4200d1ae6cc	signer	CZ	ACAeID3.1 - Issuing Certificate
b8df384f1fcd6ecb3f4d7dd6380e54d354c61256560a599d80453247d93af5ea	signer	ES	SIGNE Autoridad de Certificacion - 2020
b900e04138e0555147c98b728b2df0028fcacce798f10cc8fa4a4a9e56532cd9	signer	AT	a-sign-Premium-Sig-09
b965a4354e7e1ffedd1f947f13b065819b3a53c6889dc643e1d0d4c514ab68ae	signer	BE	itsme Sign Issuing CA G2x
b9ef51a5f69a974f8d290b0a75fb253b7339053002aecb6516a270ea88aef4ed	signer	CZ	I.CA TLS EV CA/RSA 06/2022
ba0312f7b72f6b64b4ccee34b5f628cf65a1f3b9f16b8dfe7ada90c54e475a1c	signer	EL	HARICA QWAC ECC SubCA R1
ba13651789642eb4d9a5e60a0abb3f4ec8546d4cfeb08116c04b1b0ea70cd5bc	signer	RO	Alfasign Qualified Public CA
ba3532e38ac324bc525b0e889b1ea5f0da6f1c52a81777a3df2767093c7b2ecb	signer	RO	Trans Sped Root CA G3
ba5e7779a5ae365a02da04427b3728d42751418bd7f1993bc17b6d40beecd6d0	signer	FR	Certigna Document Signing Legal Person EU CA
bb3fd9c269a240528d525d6ccf1394e8ea695f18e68b2f89898df7cbbbee7860	signer	DE	SIGN8 QES SIGNATURE CA 03
bc489c6dc2bde253f586da34134d6640b8b583a312089ce10933c4bc03fc5f33	signer	EL	University of Piraeus Client RSA SubCA R1
bc9416fcf40953ae91ffae5beecc06effcbfafb191ecc01a84b01e60955f1ef2	signer	HU	e-Szigno RSA Qualified CA 2025
bca2ef477a4e430fb2290cee4dc65c1412616c228c3fd5a301e15f157e873318	signer	DE	SIGN8 QES SIGNATURE CA 04
bcad9bec74af54cac4839722e3b6ca774bd9ca74c43911a4c28fa9f924d9be67	signer	HU	Qualified Pseudonymous e-Szigno CA 2009
bd0636abc7f7501899c3fbd00ae071bb070b3e82ecaff9a27f6e1fb1e7e2a2ea	signer	CZ	PostSignum Qualified CA 5
bd4420c592a6f7f252ae898124e002f1b9cfe1f2538864d56b34a7b4dfb31fc8	signer	EL	Greek Universities Network Client RSA SubCA R1
bdbcfe1193fbb923abee14ca66228fec890b18e02102c0d9a98ef2e8626eca7b	signer	EL	Technical University of Crete CA R1
bde897066a2b0f8bd2b2047aa5f7eac5ca113d42a2938714845d6d23b0cc9802	signer	SE	IDnow TS Root CA 01
bdee623df8e20daef16c2253fa1d1afe0b553953bdc627dcd422924aea390a34	signer	EL	BYTE General Certification Authority 001
bdff3aff1250793159a7f968ca7dace4f4a6f33c891683aa817e99ec6607bcd2	signer	DE	BNotK EC rqSeal CA 2021
be006d45dc17cd136535d668b0d64eb8aa5ab0dd6bd54004aca442e478fb2283	signer	DE	BNotK EC rqSig CA 2021
be952d1aff8e0a925978adc867c8f7ce804544bb1e8fcbbb4bcf0e740b504236	signer	SI	Halcom CA e-seal 1 G2
becfde124cedd344d925cb55edda662d9a9c0688fa9a0870ce3dbb6da4313e4e	signer	NL	QuoVadis PKIoverheid Organisatie Services CA - G3
bed0f19ed46d94900d2a9fcd7c6f660b61ff7588d8b71cf8f279d5faa3021ccf	signer	LU	LuxTrust Global Qualified CA 3
bef1d4dcd9ae4407f7db508bd2c186a3fdbc0de5ae8709898879ebd8f25a3477	signer	RO	SRI Qualified e-Signatures CA
bf62c1e467ca553b2ed4b5c53af2cba526197fa1db02a24ec35390dc2087f6df	signer	LT	RCSC IssuingCA-2
bf8abe927d18eb66ef9fb525ed20ee091eb782a48fda6f4cf232d0668fcd5cc6	signer	EL	Technological Educational Institution of Thessaly CA R2
c02f95f78af80b249a3481ca41924ae60d7663867c5f22ff8437a0e8cc344137	signer	IT	Namirial CA Firma Qualificata
c06db540686d8923ca8bb6e5204cb5df3e049f70e738a5b6effa472a549316de	signer	BE	eSign CA eID
c0c05a8d8da55eaf27aa9b910b0a6ef0d8bbded346928db872e182c2073e9802	signer	CZ	I.CA - Qualified Certification Authority, 09/2009
c0ee0cced463096df07d27257af79c986ff92b678f669c109fff570f32ab433f	signer	BE	DigiCert QuoVadis G3 Qualified BE itsme RSA4096 SHA256 2023 CA1
c12fe52a74d33b88439feafbdce47eaeeb881a3ca42078fdf13c0ff4e39b8161	signer	BE	GlobalSign GCC R46 EV QWAC CA 2025
c1a6f336b1a7f03a5592a3a3a0f39c5736e6075003c71659cec0878dc010fc5f	signer	RO	Simplifi Qualified CA Class 3 G1
c1fcbea8ad2a777757f9e0ce64ba26ee755a91c4c36b51e4397254c8d05dacf3	signer	DE	BNotK rqSig CA 2021
c2308ea574134d78b5f41ceefaa5da3fe9e7ccf7e9e5b9c1c2d23d61b8efa6e1	signer	AT	a-sign-Premium-Once-10
c23d300b481fce5440098e78edcdd9ff01e501471683b6ead8d9d893c18ee04e	signer	CY	JCC eID CA G1
c291c83e354a8ab9ca0371448c442d41ee5d705ecc697e8c8f876a3f813b1056	signer	IT	Servizio di Certificazione per la Firma Digitale - CA2
c2f76882ea9fb4a81c4b286d5a09e44bb10d4b36572daa7eac1e854b0e0da271	signer	FR	Universign Timestamping CA
c3046bc4e35d13155f09fed9deb605b58fdb93623be5c34ce68f4b73dc3cf68f	signer	PL	CenCert QTSP CA
c3b28ba9153823bde198a665eb35c3ddf8d3dffaf73710951ce3af97ba8d1b3a	signer	ES	EAD Trust RSA 4096 SubCA For Qualified Web EV/PSD2 Cert 2024
c3fb1a9e37b754e6fe2e313d8d33838e96211087958f70616f49b812ffff6a8d	signer	NL	DigiCert QuoVadis PKIoverheid Private Personen CA - 2023
c4472508c3bc689fc59e8bf77a6ddedfbb29a43316bd0946d544e54dfc001535	signer	ES	ANCERT Certificados Notariales Personales V2
c45ae81ac8b5ed5d8065213fd3dc250c7b3277368a3e97bd8299effaf8b65e31	signer	EE	ESTEID2018
c49c350e5a8205e063e74c554a994335b8435c996527d4ef1a2b0c7b51584b2d	signer	NO	Buypass Class 3 CA 3
c5c2e21f13a8a7cd7c4df0f7fd30f59df446a65d7f3a002f2cfadb02c5006409	signer	DE	D-TRUST CA 1-21-1 2021
c5c380eb9240fb36a16e15f5d6bad0bf611f6d03f0ef24229919e7d2d8126c11	signer	ES	AC RAIZ DNIE 2
c6622906a2985f0c28b71d40127d60916509b71c3ecbda82e6db2446df357e22	signer	IT	I.T. Telecom per il Ministero dell'Interno CA 1
c66244d29cf8033b1d4a6f16d8b0f9db7b27cdabce5ad0c05eff70eda1257235	signer	EE	SK ID Solutions EID-Q 2024R
c670c79bf277af7e7b34a6aa4fa304441833c6bd01a70a7e9b7a2d94c1c1f926	signer	RO	certSIGN Qualified CA
c67ebb0bfa6497acfbd5423ed5a2da5497e82092a4c475200dcc273cc8cfc69c	signer	DE	D-TRUST CA 3-21-1 2021
c6cb08b5d6dfe461aece9aa3cf03af7fed1341c9e6ee0052129c27ca754933f2	signer	EL	HARICA Qualified Legal Entities SubCA R3
c6dfaaace235da93e1c87d4ec7768652563d54c538b31e8cbd0680e91db75316	signer	ES	ACA 1
c76ad81bd29b66e24c8ba239267dde6a0d9bb9c8867864733da8a9c7f42afc57	signer	AT	a-sign-SSL-EV-07a
c7789d712dc90f74ad958837ab52ad8da57856470b90b38731b3c49a7c2d4e99	signer	IT	Certificatore Saritel
c77d1608332a8440dce2d561acde123b8c5c14aaf2c2bbb87c0dada644869e25	signer	LV	LV eID ICA 2017
c7de9a008ee5778ba8026c0c04ee4fdbacb286ad23ca82885dfdf5ccf4086a5f	signer	FR	Universign CA hardware 2023
c82378be2dc088471a4945f19a6afc403e5a1726fb25f3486c2f45646fa4d6ee	signer	IT	Poste Italiane EU Qualified Certificates CA
c8792b47355fa3d152aa5e86f37c27650be1e05137bd36e8778acf270bb18b54	signer	ES	EADTrust ECC 384 SubCA For Qualified Web EV/PSD2 Cert 2019
c89c24b415a72c9409667e88fb5e6e92a38d5609c3c99e55d99b4b1d458990f9	signer	RO	certSIGN Qualified CA Class 3 G2
c8c77ecf368d73214d50d88384464339e6f8e59f34b47e39e7965f4e5787cf1d	signer	NL	DigiCert QuoVadis PKIoverheid Organisatie Persoon CA - 2023
c8ddffd1c589fd69841aead4d6a16be5da403bd527feca878ac008d58f00e88d	signer	DE	BVtrust qSig CA E2020
c909a9e7a24fabf3c94ecf85c416a55c27ba8b6ff938f46b2f5cb892c5d62e84	signer	LU	BE-YS SIGNATURE AND AUTHENTICATION CA NC 2
c9194a645fec9ff19640ec6158ab04efce0b0b34b3ad0bd8684a935ffa30989c	signer	DE	D-TRUST CA 1-21-2 2022
c95a9426410e11e70eed947806fd87f6f0de77b98f1c454be10d35c4442dc1dd	signer	EL	Ionian University Client CA R1
c973beaca65449451e5c4131570d05e72f34d2adebd94db2e51e9a544e1e0101	signer	EL	University of the Peloponnese CA R2
c97f2f6e6a8adb6ecfe4978f08ca8f6f0123a94784522b610adf6ab51439fc62	signer	ES	Entrust Certification Authority - ES QWAC2
c9bcc882560a4fb31012ab89ab56cc87f3ef67b3405a04cf85ac0eff08ca4a56	signer	DE	D-Trust.HBA-qCA5
c9ffc6f3157f559c7b5972270362afa99485ccd1293c0ab158eaedaf0db9af67	signer	PT	EC de Chave Móvel Digital de Assinatura Digital Qualificada do Cartão de Cidadão 00003
ca9322e0a3c0db4a7d3afd73319bf8f52d180745eb5430ab9143257411e411c2	signer	PT	ECCEQ003
caa0258cb1984217cf52d664daa7c9f68792f19637e63c59f53245d21b6d6a2e	signer	CZ	ACAeID2.1 - Qualified Issuing Certificate (kvalifikovaný systémový certifikát vydávající CA)
cad759baf84ab3079377c32af8353d08c3c599e76f5adea203e45c42047d6c66	signer	HU	NETLOCK Trust Qualified QSCD ECC CA
cbabffd281e2779654ed28af2a2a8a787018aaf016378b72ef4006e940b9a13c	signer	RO	DigiSign Qualified Public CA
cbba5afbb7e493c2d1edfbb3b162394bfcec0345a66dc1a167b203d534fbc15f	signer	HU	e-Szigno Qualified TLS CA 2026
cbc7f4bda228a03787c1ae3acdd3b8213fe7ee942699345b1cd7824f3d83070b	signer	DE	BVtrust qSeal CA E2019
cc1b9f9e4370fb68141d28a115eaa863f8eadb7a04e2bd23b3c62f9d9f17c263	signer	ES	FIRMAPROFESIONAL ICA A01 QWAC 2022
cc6262660fef5f7e843d7a0dd750c20fb66616ab25668d4f28f7c3d4ca9daf59	signer	LT	OCSP for ADIC CA-B
cc9d4dcccea8c691aa728392c2d7dfb31fa313767c844bf5d32776e7f85464d7	signer	DE	TeleSec PKS eIDAS QES CA 1
cce37feb23e82b0177056d695ab677bdb0616cbfad5ec0b2309a34436457754a	signer	SI	Halcom Root CA G3
ccfe2dd1da87733e54394e9e378d4e1d7f4ba1fff48fa6485295ba57352516ee	signer	IT	InfoCert Organization Validation EC CA 4
cd355c72a7d83cdc4941fe719fb493ad9aa29e7103b61b2f66c13bbd50515843	signer	PL	CenCert Centrum Certyfikatów Kwalifikowanych
cd6d570a5757c99ae963349966697762bfa50b36b1461235a3252627caf97d80	signer	IT	ArubaPEC EU Qualified Certificates CA G1
cd9c515e31ac87fc1e712ff0f70c4875a1f6ec61399e26d57a99bc46a1d13f10	signer	NO	CPN Person High SHA256 CLASS 3
cdf27eea0c3a5512369108fd74635d2d4cf50e94d6ca199bed7de81b0d09a336	signer	EL	HARICA Qualified Legal Entities SubCA R2
ce802437116c3fbe80dd16bd744add46e053a1cef048a5603ee921ce7e170615	signer	DK	Den Danske Stat kvalificeret rod-CA
ce8537c391225fbd6642ad6ac2b2166e65e0932542d95dce5817f987af6c2123	signer	DE	BA-QC-Wurzel-CA-2:PN
ce900a7294f8a73b9e5cbaf1abad433d16f38ae03f8c4d1490cf26342154f650	signer	DK	Den Danske Stat kvalificeret udstedende-CA 1
cf0b62656f403fb4958d5e3d83c0cafc342dab518fe6aa8d6d24a71fa3bd0d75	signer	SK	Ardaco QSCA
cf4334aa7269188407450c4db00ff3b1f93a6f151077e55a4bd8896f2dcfb0cd	signer	SI	Halcom CA web 2
cfcb60c1f0180c68e3ea5d24b4a05e9d9900d87c3d83d503ce1690b3c1656458	signer	HU	Qualified e-Szigno QCP CA 2012
d02996baae096becdf8a9b94c9d280582fd08ed3a5d8b13bfd236695885f4005	signer	BG	StampIT Global Qualified CA
d0557b66d35b342a186edf9465363ef62020faad8247f4be845ceedb297094bf	signer	IT	InfoCert Qualified Electronic Signature CA 3
d11d9167b76ccf32af9ffe0d5bf66a82bb568540ae39f5965441fbbd55e1d9d8	signer	ES	Sectigo Qualified Legal Person CA E35
d12df63569f0f814514c2e29c93a9a133a4cbaa92d3046f8c6bc2d9d6f66f087	signer	SI	Halcom CA web 1
d142fae2e28a3d82503bde59c93b1e00c677c6196e63264f5d26a1d801fc6317	signer	PL	Centrum Kwalifikowane EuroCert
d248b0c3ed476d7d476bd6129af96affc42532843cb0752c4d118b08e6c44969	signer	DE	SIGN8 GmbH QES SIGNATURE CA 01
d26e702d039a5713ddabf710e47193734e5550711763785051788d0fd2d7f4ea	signer	ES	ACCV ECC1 COMPONENTES
d27210634f94cb22ced2ef12e507bc5418bd39aa862cb5d98eb61684955894c4	signer	RO	Trans Sped QCA G2
d28db435e31212a3bdccf87620f6544b99a9c02328bf983e882fd0627a1d130f	signer	NL	UZI-register Medewerker op naam CA G3
d2aa71c6637e98728772f665d47e0cf44ae2cf3ef51e5a8b1eb9e77fff52febb	signer	DE	SIGN8 GmbH QES SIGNATURE CA 02
d35e250cb02e27bb3fc52d1f1a0dfd88fa9813be1b777320aae912b54e3b1f02	signer	CZ	PostSignum Qualified CA 3
d4007a68f8206d7207345d000cd51d8881c858b431a92c1d8b57bb3b71d48a86	signer	PT	ECCEQ002
d4a5941c7141ed1949a0c6ce9dd45a0ab94dc337902eb0a1209852738eebe854	signer	BE	GlobalSign GCC R3 EV QWAC CA 2020
d4afa9ca41e14b9660a135ae67ab9ecf573d148ca660c3fb0f1903670a76a925	signer	RO	Trans Sped Mobile eIDAS QCA G2
d628417a992140d3bd98b310d6de33d04a91c49221841dbf0f52c81fd2fafab5	signer	BE	ZETES TSP QUALIFIED CA 001
d65a47dc41e98545118b3c96fe984c82c556c649b1ca9aad2b81f978c0424919	signer	IT	Bancaintesa Production Identrus Certification Authority
d65ded68a189634d67f571279bd994bcc0c02e2a57a2fd7180673e358d0037c8	signer	PT	EC de Assinatura Digital Qualificada do Cartão de Cidadão 0013
d66b304c4c07f2260dae38fa3b8d38c0e31ac61f1592e04bc260513d53d72189	signer	FR	CEGEDIM USER QUALIFIED CA
d6954e3a0d9eb5f1220ab985997f4710f366a7c7395da1bf8d845160c6618adf	signer	SI	Halcom Root CA G2
d6cf02a21db3e6cc71d605c921192df42858940a0c8d726fb8d4adad44b145be	signer	FR	Certinomis - Safe CA G2
d6d420e28d66d9804703d4a16907c5f970f9688daae6ee7d1195c2ac1f1092f7	signer	DE	dgnservice qCA 12:PN
d6dbddf0030dc239fa23322f77ddab20c0eeaece3292761b446c789b53058d56	signer	DE	GD Netcetera seal CA R2026
d6ea13d3b7705717e3ad56073b1a9dde005797603b9aa73a710448e962f541c5	signer	ES	IvSign Global CA
d7697a8920977eb96636f854c7437a1e32d1b636a13c80bb505c3d94affa8d9e	signer	BG	InfoNotary Advanced Personal Sign CA G3
d7ba3f4ff8ad05633451470dda3378a3491b90005e5c687d2b68d53647cfdd66	signer	SI	Halcom Root Certificate Authority
d852490ed91838b06f6885e17153738debfe9a5ff9ddb96ba0e36e5d4572efee	signer	ES	CA HERRITARRAK ETA ENPRESA-CIUDADANIA Y EMPRESA 2025
d8553a2880e96b7aa4c7413dd903afd3d580504695dd26a168fd48cce7b1474a	signer	NL	UZI-register Medewerker op naam CA G3
d88743f2e763d26a0124b9422fc0d300316f58fda79903d63f5c72ab916e3bf5	signer	AT	Swisscom Diamant EU CA 4.1
d89cbb7325a743cd0be29a0792d034aa1e16fcace5a0117effdfd661e77d670f	signer	DE	BNotK EC qSig CA 2020
d8f0878e91e109cde70858a4e2d5defc5d09dfcde724765b33e260738ab1f993	signer	EL	Technical Chamber of Greece CA R1
d90b40132306d1094608b1b9a2f6a9e23b45fe121fef514a1c9df70a815ad95c	signer	BE	QuoVadis Belgium Issuing CA G2
d9b38f7314aab95de57b63784f7d123d031c4fed6d8f66ed55a91bd05fea818b	signer	DE	D-TRUST CA 5-22-3 2022
d9d3ab8106008cc67012a5d585ee7d657e4fe30463265072cadc1e21a9228436	signer	HU	NETLOCK Trust Qualified SCD ECC CA 2026
d9e445b22c6fcb37b296fcd1331486569651a8db98071753fefc73d2c97bf732	signer	HU	Qualified KET e-Szigno CA 2018
da1326d22e64f7c21f388121f68c8f700d305c69fb0b5e8b9fc2846f7ae7cb70	signer	ES	vinCAsign nebulaSUITE2 Authority
da20fe0a44cbd14a40bf603ddc288dbbaf236c472a027d82080b4fdc80708a1e	signer	SK	I.CA Qualified CA/RSA 07/2015
da256bcb0a9393bb3bbeab0944892dcfc94ced17d117239cd232545112d4434e	signer	HU	GovCA Minősített Közigazgatási Tanúsítványkiadó
da45c759287024d825e94e7964b80d0557bc84ccbcb4bac8267066f2aed48725	signer	RO	certSIGN ROOT CA G4
daa0435407fa44c28ab939e6823813605779093873a96649ad6e03b05d28626c	signer	NO	Buypass Class 3 CA 2
dab3fa0d6e821006fe709ae12176aba2f397706cc9c71f5c1c0d098044daebdc	signer	EL	HARICA QWAC RSA SubCA R1
db005d09d59f952f80fa2848fc179754dd4015061acb696728846062e522e4de	signer	HU	NETLOCK Trust Qualified RQSCD VRA ECC CA 2025
db476339ccbfcc9e4bd1d6cb606ca27f00679e1ef8a581e7236309b9d63ffe37	signer	ES	CA de Certificados SSL EV
db5beb1cc21662fcd645da9856d76f42ca833ce46df0399d8dccc4adb4d107d7	signer	FR	Certigna Email Protection Natural Person CA
dba14815c01f2457932fd2e33c35db8b2360422e33e5a121369b249592012076	signer	PL	Centrum Kwalifikowane EuroCert
dbd29375d6773a0f303b30989a635a8ce0c54fca2d8193878817add98575356a	signer	DE	dgnservice CA 10:PN
dc272648c1f47b2594d117485c66caf2ed4806099c89ec356dc436fc19bcc3bb	signer	ES	Centro Tecnológico del Notariado CA-QC No Corporativos
dce5ab8fddd1a3cd890e79013a3c01cb22bafc12fe1dc16f9f423a36dae747c7	signer	EL	ADACOM CA for EU Qualified e-Seals
dd5bac4f1bb5356ae98d3f0c8e24c59df84199a56f78f1c161196aad70283094	signer	EL	HARICA Qualified Legal Entities ECC SubCA R2
ddaa5f72e10fd3ad072ad2c0d21958dbf1709e7aed13b38c264728fce5c9ba1e	signer	EL	Academy of Athens Client CA R1
ddb37a81f7b208bd6f4c0892444889cf95ac3f7ffd6a32399dc563f2e4c47e69	signer	FR	Certigna Email Protection Natural Person EU CA
de06216f0ace938499dfbb37a34c73806f6e48c9b05f5933a28b5c64dd002ebb	signer	DE	TSYSI.HBA-qCA9
de0a92e5435b613208dc435ecc7158bf28f420a93e0a91d5965972053f523549	signer	NL	Cleverbase ID PKIoverheid Burger CA - G3
de2ea05839b82dca5283a604c7d8dff947f54695bbb4dafb964840b1e611da7e	signer	CZ	I.CA Qualified CA/RSA 07/2015
de52b898e68950061f4a4ff90b093b64b4505f74b2842c39f910a5d96a6c4a7b	signer	IT	Servizio di Certificazione per la Firma Digitale - CA1
dea1d4d5422ccec8364a58a8e6d221fdbe1673246b335438671f67a86017efdc	signer	ES	ACA 2
df2d8ca10ef988423b07adfe0156cd43f4b02b01597ee272395639385cc1485a	signer	IT	ArubaPEC S.p.A. NG CA 3
dfc3e965176f883a9cf0f68ceaeeab663edfd8e79de3294373c28a856984006f	signer	FI	DVV Organisational Certificates - G4R
e03d704511390497b51183da532f1b1ac0f596d444903bd571b78a7c03f814ae	signer	IT	UANATACA Qualified eIDAS CA 2020
e1744ee07ecc16c67d3b5ce1f06b7a5ca569f271d113ff095e522cbdea1c515a	signer	DE	ATOS.HBA-qCA5
e1e418b0fe70196d83dc226aa87bb943f7a936940d21f088702e4475ab7cf488	signer	BE	ZetesConfidens - Signature Creation Service - Issuing CA 001
e2b434529674627c87c016975b17023bf37abfcbbc8502b8c8504297474c086f	signer	FR	NETCOM GROUP - SEAL QUALIFIED CA
e2e5ad3ca7416427f5379569124f6476b9150d50cab949633cafa779055b3003	signer	DE	MESIG.HBA-qCA35
e317d726c4365ff130167d4acaf3ea4ad7ec0d62aa79d3aa6b52addc75466be9	signer	DE	D-Trust.HBA-qCA7
e3a0a23b1717a4aeae7b78f92669bdfdc9b995b73056ee86b38fcccee7dead6c	signer	BE	Banqup Issuing CA RSA G1-2025
e3afc15bd4c06b4dbd9526167bec3be854e33a0d8c2d6811841004b027a23956	signer	IT	Actalis Qualified Certificates CA
e4266db30119983bad6a19a12c6bd4196da4fdd64dba71a6462ce1100cbc5137	signer	EL	HARICA Document Signing ECC 1
e42693ff7253f8236dd1570bb306f47dd35e262f5989add43063cb4ccb9d4af5	signer	DE	SIGN8 GmbH QES SEAL CA 02
e4c10a68028a7cd51d158f3d98ae9cfc0c8a9ebd7718f95676f44f2b0c24d130	signer	IT	Actalis EU Qualified Certificates CA G2
e4d6cdf6bd2de1eecefc0b754b9489c58c779fadbc6be239cc478a0ae7a8a23b	signer	CZ	PostSignum Qualified ECC R1 CA1
e51bd07208c4b7d79f66d0b9e7117fc6fc7785f51243d62bf6a1449ff8c46965	signer	IT	- Firma Digitale-Comune di Firenze
e51e998355f742822f6bc4f7aa6342041f031e10f730db6f9a67722b03f36819	signer	FR	Certinomis - Timestamp CA
e553abef3b850a05b03483810421cef77ef4cd3cade3d10c23fac36adc0b4a6e	signer	BG	InfoNotary Qualified Personal Sign CA
e57bbf5079f98293b4142f348972e68e351e52b90373f05f46f09ccb30af5bf0	signer	EL	Democritus University of Thrace Client RSA SubCA R1
e5f78053300c169d79a7fb387361ad2a8d1a9bb750b9183c7bb19734d542f07c	signer	ES	EADTrust ECC 256 SubCA For Qualified Certificates 2019
e61a16cabbfdc30ee42c01816cd42246d11ae1b130f669c18ce7a9ca323268a5	signer	EL	Chambers Central Association eSignature RSA 1
e628b19986782ceb2094db982e749adcd7ca02c58db0c7b8b2ece7869a07897a	signer	DE	D-TRUST CA 3-21-2 2021
e6c456369a3c33ae50e23aabfa2002f256e36de93f6e58aea3c17b4754ee1496	signer	BG	eDocs Operational Qualified CA
e6cd5267577df6c636f8dbcdfa3bc204310035be15b8f69ae6687f39eec9264e	signer	FR	Autorité de Certification Personnes AAE
e6dc96bb0dbcb242490fdf348cb8c9ec012e9cb959ff4458bb503e5efb1e1735	signer	ES	SubCA CIUTADANIA Q (G3) A.2
e718f67c8b1f8e1fc0176a361c98e6299fd3f439cfa46eddb46a57b4ac08b443	signer	ES	ANCERT Certificados para empleados V2
e73f1f19a4459a6067a45e84db585d6c1df8f12a739d733f5b28996546f1875a	signer	EE	EID-SK 2016
e7426982c0264b786b9425ce45f363587f34834fa34a6a7ffdd505674176ad0d	signer	BG	B-Trust Operational Advanced CA
e74ad44b0d56eebe39bb185c52ab9befe4f75899b6a81416e9103d5c29bf27fb	signer	EL	Ecclesiastical Academy of Vella of Ioannina Client RSA SubCA R3
e835477dbc50a22210988e4c9fe93cd56866c864df946eff56cc528220816190	signer	HU	Qualified KET e-Szigno CA 2018
e83566e6f599481678c0d99892169c87f77914c621fdf1e659c7085772d4a487	signer	EL	Aristotle University of Thessaloniki Central CA R5
e84f2dbea23690d8b850805b335454b0e773ad4c6992c7ef9dd005088cbef2e1	signer	DE	Deutsche Telekom SMIME qualified CA 25
e8d682d07617c1b8a759591bd6fc9d5e112f097d0cae74d419b1adeb5c4a2048	signer	SK	CAMOSR
e9485e076281b783846f4c03e9291d02cd22fd1a0da2c55f051dd48673440ae8	signer	ES	CERTIBOX CA Subordinada 01
e9f98c7819d924c0340ef55b4468dcf4f6c7e655ce7e736690e0ab5d138e2f8d	signer	FR	Autorité de certification personnes 5
ea4793e2eb814d43261f8068aefde783b837e7c021ac19c8e9b08551f2d6c83f	signer	EL	University of the Peloponnese Client RSA SubCA R1
ea4d4d7f71244ff77ff5201d99abe2d10620e1dbc6a83b8f8b7313834b8c509a	signer	MT	Malta Resident Electronic Identity CA
eb0944c491c807eb795b5eba6d2017cf4e3fb36d990ad560eb81cc2729bd28a5	signer	CZ	NCA SubCA1/RSA 12/2018
eb9f7ceaf35d9daf0b8fb16dc7fb7c2c2ba49481075ce7eff27e464c62093511	signer	IT	I.T. Telecom per il Ministero dell'Interno CA
eba22784d20902a9f9af3f640d14889a53d7f3c4b5b0697016b8d749ade97f3e	signer	HU	NetLock Minősített Közigazgatási (Class Q) Tanúsítványkiadó
ebbf4dc600c17da04381defdcfc119c3f34efb4a04d0860910b813c7792d7585	signer	FR	Certigna Entity CA
ebd4dc7f13add30493a9778dc2a81d0062af63b2d394e6ab6c1a5fe92b5e60c0	signer	EL	HARICA Qualified Certificates for eSeals ECC 2
ebf8d157abefca4ad91b5a9b7b04cc2124242c1603af2605cd9395d9c938ef3a	signer	CZ	PostSignum Qualified ECC R1 CA3
ec40f03b142b432384a67bd36132593ca8b163e00918a612f3a6fcddcfb29ebc	signer	IT	I.T. Telecom FirmaSicura CA
ec5702f39e835e12dabed3f319e3411e78377498c211a7e1dc5c376ef174c381	signer	EE	SK ID Solutions ORG 2021E
ec751e45282021d1bcaf029c497d05cddec1e3a76329ab845afac35e759c24dd	signer	ES	AC ENTIDADES G2
ed380189eb280f5d86c914bfdd28d89795e5676ae893f3c3d75b12f3e42cc914	signer	PL	Certum QCA 2017
ed4840ea4b516073b256e4d049da3cae358c4daabbf9269ef146fb4bb037bcdb	signer	IT	Certification Authority ICBPI
ed555f5b2aac839209f3cad55e37a7460f729ad094d2fdcfb7fb9b3c680c7467	signer	DE	TeleSec PKS eIDAS QES CA 6
ed7d70d017e3b5c215034327fd9a2d53bd464af7bf3de8c173acab47e7fb9ea0	signer	IT	Banca d'Italia
ed8957c5fb17dbfa0d3277dab1ae5ce96276fd493fd96c091d9ca0613e54437c	signer	FR	AC SERVEUR CACHET eIDAS V1
edbe65fd07340a163b8b5bbcc12a0b5e91f6049726f40bb4f3fd2783b6ee3f13	signer	FR	REALSIGN 2032
ee43b2438545146516d50bfaa4f3553285cc0b62be40c8a51fcf4bf778789b7d	signer	IT	In.Te.S.A. Certification Authority
ee711e703e77050e5cbf186a81eb8d169d05bf0438dbc655e70eff17436e0ea2	signer	CZ	I.CA - Qualified root certificate
eedcf31633609acb492895fd55aa591a109c44d3b0fc1d0621e0fb41a2cb492b	signer	ES	ELECTRONIC IDENTIFICATION CA1
eedd457af1353d76f48e7c6123f39140e5f9a069ca51b43eea8615c9cec0d4bb	signer	ES	AC CAMERFIRMA FOR NATURAL PERSONS - 2016
f038421f07f20d63a20d3691e5a178ab8459ebe570c1647b7690554ef23876ab	signer	ES	FNMT-RCM
f0417ef0002d49add5c019612dcbf02eafc90f6b8ca4fd5227db982bf3386031	signer	HU	NETLOCK Qualified Public Administration RSA 4096 CA 2026
f085a3b678eed4eb6e2a3b9fc0d76fc2d72d1b9afeae393bcc29a32be79b8bb4	signer	DE	BNotK EC qSig CA 2021
f0a1ca5fc42e6a8514c63415054f14ef7bb961adbc7a94185d8e410a905b8109	signer	DE	D-TRUST CA 5-22-2 2022
f114469fb80778133a1f70e4d8338edab97dd42ceb8ecc01cafb70d6b87df11e	signer	RO	certSIGN Web CA
f1878ab75805b6414c07b49f035b41a19c7881d51099e707f0e9e3463b0af92d	signer	CZ	NCA SubCA1/ECC 07/2022
f21bef91dddbb3544d445ab7ff448149545823ac627efbdcac2bc6f823ac38c4	signer	RO	certSIGN Web CA
f22db657a1a929841abcac52671a5cee8a7d069586af85ce16de2b05dda22252	signer	NL	KPN BV PKIoverheid Organisatie Services CA - G3
f2ba32439b65fd13ba7ca2d86a1fea305b168082c01a082d4da23d443c92c1e6	signer	DE	ATOS.HBA-qCA8
f2d05c5b18fd9a89d275458e736875d71627bbd5e6142575f10e6beb69486f7e	signer	FR	DocuSign Premium Cloud Signing CA - G2
f30c01d9ecdfe89631068434ff4c072c13f596e2973784adb3252db62a2a2d82	signer	HU	Állampolgári Tanúsítványkiadó - Qualified Citizen CA
f34e4650e6338005e95609882c9b6626ec9b328dfa27bb130d423bb467eddc2b	signer	RO	Trans Sped Electronic Seal QCA G2
f37ce1076987abd26283df96128207e6bdb6b519c177d64a040f3fa04e7a2c83	signer	IT	TI Trust Technologies QTSP CA 2
f3d916d1b73201f049eda7e597fe0a5ccd5711a6958fbc0b7a6f7fa64f7afe47	signer	EL	National and Kapodistrian Univ. of Athens Client RSA SubCA R1
f3e3735389398e369a60f89dcc8fa056a7967968d14b37bc656ec51a1864a7bb	signer	PL	CenCert QTSP WEB CA
f4402df91fba7eb35fa40a7f9463718faa4f8a05bc6e26622447983dbba97d34	signer	EL	HARICA Qualified Certificates for eSignatures ECC
f49ee3c92b6e0a2aa81d5aaf90eb7883ee4220d3b67a6ed3d2e7e9784153296f	signer	RO	DIGISIGN Qualified CA
f4ab52e4cd2ee136af7bd5b357602667ff2920116c17ebd1d56f2941a6e89bdd	signer	SI	Banka Slovenije Ent Sub CA G2
f4e9419e06f537b19e49b868edc9b3ac7f4ba1296391f76108bcf41aa9656288	signer	EL	ADACOM Qualified eSignatures CA G1
f56a99f8a7b4dc807f23c723eb620ac296d980bde143e317e18eb64eb56ff6ce	signer	ES	EAD Trust RSA 4096 SubCA For Qualified Web DV/OV Cert 2024
f67a0c987d0d7d5e7ecc4a69fd20005ed2bd503b6dca052492b2d5a3ed0bb3d8	signer	ES	Autoridad de Certificación de los Registradores - AC Interna
f68d2772bf61987f6c970c1d14c6b1dbf56fd13ae85e7d4d915d86bd50f36486	signer	FR	CEGEDIM ENTITY QUALIFIED CA
f71da328231c30d7e3c059c6261423d10c4ff2c8eb92eb9093a5d9af7160ab55	signer	EL	Democritus University of Thrace CA R1
f7261f9352da977a17e207f55a2ae3f7310251be5f631bae8ed31feec090989a	signer	SK	CAMOSR2
f79833b4a2ae35aa5a823c59e1e378213f241da3094c4ab4c7b6a78409555efb	signer	DE	SIGN8 GmbH QES SEAL CA 01
f7c7e28fb5e79f314aaac6bbba932f15e1a72069f435d4c9e707f93ca1482ee3	signer	HU	Qualified e-Szigno TLS CA 2018
f801c80b1d0995e8366d2dcd144e7c1365cf0fcd4827b892818a3640250000fe	signer	IT	Cedacricert 2017
f8065add2e618ae5f53dd5975d99160175d43f732e37d95fa03e9b142ebdc902	signer	IT	Postecom CA1
f851216119f70332166318427524618501ce602c5a73e958690b321370ae7bbc	signer	EL	ADACOM Qualified eSignatures CA G2
f8684d2812ba98a52fe94528c4cb152378a2d73a828810a8c7b8529875c64674	signer	HU	Qualified Pseudonymous e-Szigno CA 2009
f898c445bc28deb45af50668be3da1ee45cec1f12d8dc930c9ad8e388aeaf9ec	signer	IT	Namirial Qualified Electronic Signature CA 2023
f8e015bbc1e9c4b8498904198577fde4525580b5391b13553c2917c4c90e5adc	signer	NO	BankID BankAxept CA 1a
f8ea34651355c407c903875608b0ffa188805e93081ad03a39b8226dc35eadb4	signer	ES	EADTrust ECC 384 SubCA For Qualified Certificates 2019
f9885503ef87a30f9e95dff53b0baf31b088df0f20e14deeb9c9ef62d452d888	signer	HU	Minősített Tanúsítványkiadó v2 - GOV CA
f995ee487116b125e2e90787f7453efded0faac8d5bb3e3b335d701d9e8068f2	signer	AT	a-sign-SSL-EV-07
f9bdfd2b1f311ee21f78c8adcc37975e77e4d88a1fe4ef588ae835668f1ab00b	signer	IT	IN.TE.S.A. Certification Authority
fa286ad2e519466fa500bae39b25f340fd6109d7da116d4f63669a3630e3629a	signer	IT	TI Trust Technologies QTSP CA 1
fab9218ffd63b29f6377dd8883d51bb5a147b5f689ebdcc3d6fba7874af34e70	signer	HU	e-Szigno Qualified TLS CA 2024
fad540811afae0dc767cdf6572a088fa3ce8493dd82b3b869a67d10aab4e8124	signer	SI	SI-TRUST Root
fada5411c967c4f9c05df02bf287eaee22db1827109c827d4c94b3f71cb61f2d	signer	IT	Intesi Group EU Qualified Electronic Seal CA G2
fb327daa3d7068d18743b641948ed89dddeec2d4eb1ba53e490dd885e51db367	signer	DE	ATOS.HBA-qCA1
fb7e801d60d040923059bd31cc04fa49c5208605a009c5cbd017390067e65717	signer	ES	Autoridad de Certificación de los Registradores - AC Externa
fbc2ad037bff8c67252f5d2fcbb51f91d87ae62a30ec29fa0f98d8cdd94eccfb	signer	IT	Cedacricert
fbeacb1ee5bd5f33515c64ac752ff078224d88ee406474c331f9543d4b721846	signer	EL	Eastern Macedonia and Thrace Institute of Technology CA R1
fc3a98938e2ed3bd36e0d41f18517649322906b2e6b33690891325aaecd19644	signer	EL	Ionian University Client RSA SubCA R2
fc7f90c0544a073ec06a82ee6c7052b1c86f38e4ba687bc36fb836bf4ddf00a8	signer	HU	GovCA Minősített Közigazgatási Tanúsítványkiadó
fc8889a411d1910b7a6de159fb328f84dffd2756a39a78e91cb9bb90c6fea6e4	signer	EL	University of Crete CA R3
fcba8818597d593bf2d57b04cbd12de5d232ad4640602de44714b3128ffce663	signer	BG	Evrotrust RSA QOperational CA 2024
fcf366f4b228006be3eabe68d2a57b765838f872bd50f4c20dac6f75e43762d4	signer	NL	Digidentity - G4 PKIo EUTL G-Sigs NP - 2025
fcf4f525bf92bcf4ab4ddaa66f8f5d70a1dcb4d95b33c18cda2be4c8ef3e9538	signer	PL	Certum QCA2 2017
fd2954a6bc7f47dd443f6164d8454245bb0cfe9cf55ace37dbb35b8e4895a7d9	signer	EL	Technological Educational Institute of Epirus CA R3
fd2d3a6a327ddd9dd9155392558155475b71940e1083e27acd57092451d273c8	signer	FR	AC PERSONNE SIGNATURE eIDAS V2
fd2f33248f3964564687980235a5f0bcb3ab562e47f404f742e53342c5375280	signer	EL	Academy of Athens Client RSA SubCA R3
fe3cbed838d30bab900184c1f21a4b27d3211cb5c9257d7e985c2ae43ac6a89f	signer	NL	DigiCert QuoVadis G3 Qualified TLS RSA4096 SHA256 2023 CA1
fe5e29a8bc39e99b1a1e77d29590ac1948a337a387c63e83f0c4b18bfc8be1b2	signer	IT	InfoCert Extended Validation SHA256 - CA 3
fe95a24e7f94978e58d99350ab7ab789774a987cd25187c128c191d207523bb1	signer	AT	GLOBALTRUST 2020 SERVER QUALIFIED EV 1
fee2cd981c00c5cf3b0a47f3f4bc5db1e6f4307ad45ce78f998f9bcbd82478ea	signer	EL	HARICA Institutional Client SubCA R1
fef292b6ca091a0f9dd066786af80b71422767ec3a502a42e6b66c0149c37e92	signer	IE	TrustPro Qualified Root CA 1
ff057b572f3e09ae06bd8fe58c7cc9cf18e9915e73a647de1efdcf8352c0f75a	signer	MT	Malta Resident Electronic Identity CA
ff3e6067b6fc567ccf9eb711321e1bc3af392dda12829aae3e97d3a909b1ee02	signer	IT	SECETI Certificatore per la firma digitale
ff453a5413ea558fe7062ab6fe831073e7f30fe6ba75b82ead5209db0775cad0	signer	PT	MULTICERT SSL Certification Authority 001
ff91a738cab7bbe1bcd84c26d8c27739e0ec2f4a8ec1779546171962690d4046	signer	NO	Commfides Natural Person - G3
ffaeceb739e13b3fca24a635331b8cb8901fdf4d853ef08be422476bf39eeac5	signer	IT	IN.TE.S.A. Certification Authority
00e3f23ed416e81355555c194c9cce861beba88b64a21d98a8d2c5cbff3aeb75	timestamp	SK	NASES Time Stamp Authority 3
00f1aa0d9a56f83406143fd528d409db1d2360cef1e1c35f117b81d798e5b1ce	timestamp	HU	Qualified e-Szigno TSA 2014 04
01ca89b00ba9b51c5355b9f09e9145afd90e83299538446717934bb55f9883a1	timestamp	CZ	SSSVD TSU0092 04/2025
01d49b10161225b4f6702cfd44ea01b0b287371c8477c1ffcdfd7e7191807a8a	timestamp	ES	ESFIRMA TSA - QTSU 2024
01f9d45bed35ce1889abdfc68b62419de3cfd0a0f2374ceda2058913dffd2373	timestamp	IT	Actalis EU Qualified TimeStamp CA G1
024fd634002f59dbfa606e1615123e78e099b0020911b6ca786ba3ece9af35af	timestamp	BE	ZETES TSP CA FOR TSA 001
029e6312b06c00731596bc666575505d3175fc268678c496082ccd427606edaa	timestamp	SK	TSA TSU03
02f64d4d9d5acb55d59ec3e18b6edb91a1bf22af7dd93c9891d4e04441907d79	timestamp	DK	Kvalificeret tidsstemplingsenhed 2
0316b394ab7e444439015251662e0ccc2ebd979c7761105b2bd53779dc8fcaed	timestamp	SK	TSA CA Disig
0321ccfa28d06dccf843ffc8bfd59b59cc4cd0614105fcfd7ca8320b5b83267f	timestamp	CZ	I.CA Time Stamping Authority TSU2 09/2025
0342828bb5281cf30bd9aff5092a761a8afbe21d3707866c2894571987992c48	timestamp	ES	EADT QTSU 2023 ECC 256 ENS alto
03618951f0741c8942869844a0329702618402ed5426ab6d666cae8a035247de	timestamp	CZ,SK	I.CA Time Stamping Authority TSU 1 08/2017
036ecb452d23f4a0062567f3ef801b6b47210e7fbfb4f8880ed6a7ed0d60879f	timestamp	RO	Trans Sped Time Stamping CA G3
03c8cd0c84e161d94240c4a4b4c9489193279dee85aa2f30cb86511fc06636cc	timestamp	CZ	SZR TSU0051 03/2023
03ff1fffca604e9c1ddf881d9ea77cfc6ab1b93ca84bda0dcf9a524f5bf44a33	timestamp	DE	GD Netcetera qtime CA R2026
040da4625167c8b33357ea8e952683311b097706ef4092a838b562b6cda8efd2	timestamp	CZ	SZR TSU0102 09/2020
047ea43b8e44ffa1a4b60f2b1fedd518fb1edebb533360b1efed339efe046e45	timestamp	CZ	SSSVD TSU0032 06/2025
04d0e4dcf08243bc4e5457759593692b3bd0560d0cb7fddf69e28fccb61e959f	timestamp	DE	Utimaco qualified TSA CA1
0513abcd74d0eac3aa985596834ba945ad6f07b2ca8b9041abd6f19a39238404	timestamp	CZ	SZR TSU0011 06/2019
059b6c7ed65584290fe105fb14f07520e0eaaea1684c19132333df9517d4ad1d	timestamp	CZ	SZR TSU0081 04/2022
05ab1378a77b955ae09af21d4e983854cded296111135bd135719f34be47af41	timestamp	FR	prd3 melptct134 BPCE IT-SERVICE HORODATAGE
0605f4cead7b57f115de2dbc64df40c3457879cf8be088e648656ba8661d7b37	timestamp	SK	TSA2 CA Disig QCA
063d3908bccdc014ce5f2341c87a2157ffa5bc94d8860c8f934426197249790c	timestamp	PL	CenCert QTSP TSA ECC
072d1f076d24a2570479ff3dc32028b6ac989d16e7bc7edd946b923abc959c40	timestamp	SI	Halcom CA TS 6
074b3cc04be176ec0d4932e24f267bf04f53e226854a959af11c61353adff711	timestamp	NL	tsaeuecc2.quovadisglobal.com
075c371df7cfa463940039e934bd7fef6f8f529506f1c0e14475381e85c16d5d	timestamp	CZ	I.CA Time Stamping Authority TSU 1 01/2024
07bb782c81563276bd95f7ea3dc5b4dbccb95f3d7340f9ed3ce7b29a2dfe9041	timestamp	CZ	SZR TSU0092 10/2022
07e9516abae3d9141cdbcba0512b3b7187d23bd722bb261e9767dc8450abbb29	timestamp	CZ	SZR TSU0012 12/2019
082c22c01122260805ce7e43b524add16b881bdd5f7f373d76f2cd95a9c53ee6	timestamp	FR	PRD2 melptct112 BPCE IT-SERVICE HORODATAGE
0871d1081b16f731af2b1434a9f3433f258c4883617cb290aef3c865cebcbcb2	timestamp	CZ	PostSignum TSA - TSU 1
08bff6170bdff35e24dc508581c72bea09dc640de92a826a6e9c7fd308a49672	timestamp	CZ	SZR TSU0111 11/2020
09010462f66160bb632d884fb86b0a604b96b18f63a36f1154ccaa1c141dd0ee	timestamp	CZ	SSSVD TSU0011 08/2024
0902145ad39af7419bcbde064b65f2280ee4cc6aa2623f5aed45d96230673e86	timestamp	CZ	SZR TSU0042 06/2021
0978387f7cf4df765240dc1d1e185dee3107d1fc9be9e716e2ca54182b78e552	timestamp	SK	TSA Disig aTSU 1
09c5ca0eca286ce72adaa1b79dea0704cd8b1cd04daf61521cb22e6694251531	timestamp	HU	Qualified e-Szigno TSA 2011 01
09eab2994462d89cd4eff28bac992367577fd6e8deb8931aa5f2def5b7dabafd	timestamp	DK	Kvalificeret tidsstemplingsenhed 2
09ff975e77a2bafd4c92dca6839d490a91ede197ae2a4603604b61bb822aa56f	timestamp	IT	Consiglio Nazionale del Notariato Time Stamping Authority CA Qualificata
0a28dcadac0f627212c120e09c815efc34fb29f100ad890db577e10cfdb50e97	timestamp	HU	Qualified e-Szigno TSA 2009 01
0a4a7c0477d8e64562614461f8fa2f3b7a83a6ed58ce0a7d48fb7cad54916f18	timestamp	CZ	SZR TSU0031 02/2023
0a64759f8ccd82701d552c5d383d62db15d272e83bdb677a5d585b87a6e02804	timestamp	SK	TSA Disig TSU 1
0a6ccc472da36496928542588ef84777dd1616e16301c23af766f48fedc7f302	timestamp	SK	Time Stamp Authority 1
0a71d4024cb70d988f8d1c7d9fe2ea56126a68a0cc1a08673992d6559c73b24c	timestamp	HU	Qualified e-Szigno TSA 2012 07
0ae76597df64539393db297d2ba6fbb3c3c21f398f46fdcca15aa50d77ab8ba8	timestamp	ES	CA Vintegris TSA3 TrustServices
0af2143842225944d7e77306b703a2c7df8178a7facddd4032f6e17ae6a22328	timestamp	CZ	SSSVD TSU0072 12/2023
0c130eeb78662be8e147b8af2f7b2ec5dc2c25a51bbf11d44032eacbda5919ab	timestamp	HU	Qualified e-Szigno TSA 2010 02
0c16b40d48f83b6b09b90629324c18c9649c42d6e5f37920c40d09dcbca2086e	timestamp	DE	DGN TSS Signer 12:PN
0c28b5e55caf05a7a3150edf3e58e1da56f58cb74f736bcdec2180ec2bde14f9	timestamp	CZ	PostSignum TSA - TSU 3
0c4e7a7a2cec14de47d751103290ff8c67162a996d79d27b1c128688e0c8d82a	timestamp	CZ	SZR TSU0092 11/2019
0c5553963e60a88c273a8918b362be950754a71b7f1b0b28b006e0a58719e3a7	timestamp	CZ	SZR TSU0091 04/2021
0c5e69121f4f57e1db377ebdf35cab3ef4abd59c381f17067b416fa4432afc0e	timestamp	LU	Grand Duchy of Luxembourg Time Stamping CA
0c601988bca35150ddd3cbaeb48e48ce578de6b16df2b63a713f1a6e3537c3fe	timestamp	CZ	PostSignum TSA - TSU 2
0c97a9f0e0093a72fb00138ddcfc5a9aff288a5838856593bb89cacf5bd5de67	timestamp	NO	signicat-p-tsa
0e1db0008c8bdba5bcaa58a84817e17768ba47532b0bb176bc047a0a30c5c6fb	timestamp	CZ	SSSVD TSU0152 02/2026
0e7a17e2bfaa105b4957e645a5020fbe861e21c9b9aa8b85c90e8b55f464914a	timestamp	DE	DGN TSS Signer 43:PN
0e89a36bb91cff944dbab4e70a7d4d87e3d2f60347a251332a908b0c630b832a	timestamp	CZ	SSSVD TSU0011 02/2026
0ec1aded99c72fd68dde80574bbbf712abc3aa710f501b83a7d70188cbd64cf9	timestamp	FR	DocuSign Time Stamping CA - G1
0ef23e3c5c9253695d547fc278791a6a20825bad3008d63d6189335b604d2fdc	timestamp	SK	TSA Disig TSU 3
100a57f38dc30b3aab1762ae5e363bb50403aa3dc91b87c1bee9103ea4cb8a0b	timestamp	HU	Qualified e-Szigno TSA 2012 08
101022aec038ccf3e57f6883ca4b04b167de9377532354a110e4b1098a046dce	timestamp	RO	CertDigital Time Stamping Authority G3
10221c291533b2288d062d2475f473eefbdb2c999bdd2e68ceaf624f9e076af0	timestamp	FR	REALTS 2032
1044b93dff7f5ead487e81b9eb979f8d825df8f543422b0629dd6c9f0e6ae524	timestamp	SK	TSA CA Disig
10460e2d4996c0439ec0ac155658ee88205c20278da0a7472bfdbe1a6c39d486	timestamp	PT	ECCE-TSA
1066815b2aab874d21378424959479048d477b27bd8fd565bf6d16f12a83b709	timestamp	HU	Qualified e-Szigno TSA 2013 03
10b7cef8467e8eb5e8632fa513f535e9567617053934382b8d81a42afb4d0dfa	timestamp	CZ	SSSVD TSU0901 09/2024
10d3868607e9abaec1fde6b03fa318e5dca629b9f494dad26160b515578f09e7	timestamp	CZ	SSSVD TSU0032 07/2024
1174af6213210825545064216a668c4852acfa41318ad19303dd06a2101ac225	timestamp	CZ	SZR TSU0042 08/2022
11a6eb9d033b9be0b947706d05a3f3e3ba0af06f2fc9462ff0c6298236238424	timestamp	SK	TSA Disig TSU 3
123ff3f5c4c67e3beb3a5d1e587ef16b00e38fc53449dab4ac4203af75b7bb81	timestamp	CZ	SSSVD TSU0201 11/2023
1278412d2880603fb4845d8a42bbdd6bd5a2c458f017be05b11f4e2242d8d868	timestamp	CZ	PostSignum TSA - TSU 4
12e7e0197839460e513008ffffddbb31bf7db4c29cf62900abfe3e2390bc3ed7	timestamp	HU	Qualified e-Szigno TSA 2010 04
13460c8a4706f4fdc4090d2eba87603f928dae54de9aa6657ff55b58fc754ae9	timestamp	CZ	PostSignum TSA - TSU 5
1359642da259656c7e318d5a4fb5df16ee4c247e9f45734216be845f53c51e7e	timestamp	CZ	PostSignum TSA - TSU 5
138205817fdef52c762970a277813165a8c57a2105aa84bbe88f50407dddb853	timestamp	CZ	SSSVD TSU0061 06/2025
13b84fde409e4c466f71e19f2f5a9515e9781593274550c8714d65d8b10948ee	timestamp	IS	Signet TSA 2022
13bc2c872654abecfd6dfdea1969a330ae558b0ff0b7b86ff5ce8b8f48513ead	timestamp	CZ	PostSignum TSA - TSU 1
13edd66e5d8d4db29009f7d742743580a02b00c23a6d0057909e5281ade11af8	timestamp	CZ	Komerční banka TSA TSU02
13f431d2a766c105021f9bdeddd2fbc79a9fd6623bbe79fc17f83b5cc5274e28	timestamp	DE	BA-QC-TSP-100:PN
1470d1b71f517ddf5523df11fe0fbbe4215deb7458f52f937bb03b21009d67e0	timestamp	SK	TSA MOSR TSU 1
1480b2abdab826e9a5ad79f6541a81a418b508ea1c7bb3d8fc66eef9a0a186cd	timestamp	SK	NASES Time Stamp Authority 1
149554266d58bfabb4ac2fce88d2d8de87edc79afe2c7de95a9f2206aa31396e	timestamp	CZ	SZR TSU0101 06/2021
149a54a1d85edc86d643923d7f6ff36198a8ce297fc9b64cf6bebeddcd9b776a	timestamp	CZ	SZR TSU0072 09/2021
14ac7de44d6b46f3147b75a4d5ee903c26a6d8e3975a9887ad096ca9f1a9aed1	timestamp	CZ	SZR TSU0141 02/2023
1510def1b93ce99bc25f0b318c55ea29c23cf9ec0e5c983e9a50d4dc255a2853	timestamp	HU	Qualified e-Szigno TSA 2015 06
1545a015086a75ba31fb5a42036b82256be82eff53cbfe9467bf634168d41852	timestamp	FR	PRD1 melptct097 BPCE IT-SERVICE HORODATAGE
15d251c67e424f8ead91c2384dfce8beaba221986ef544e5e2be50324737ef9c	timestamp	CZ	SSSVD TSU0041 06/2025
162bbd4de18241c723065f531e8197929548e55723c9526bd79b21c84aec9781	timestamp	DK	Penneo Qualified Root CA 06/22/RSA
165d6e97c9482b4e0c7b682da2752373d2ade04dcde9ee6f05bf4a37dd9fb9ac	timestamp	CZ	SZR TSU0102 10/2019
168e3ae71fea7c6b0e864e8c31f93bd0975f4e3fece93c92b991352e6b67fe76	timestamp	LT	MitSoft QTSA TSU-2
16db130492b230b2092e40dd7f577e3cb3053d6a10bfbe302f45f2957675b5e8	timestamp	IT	Ministero della Difesa - Time Stamp Authority eIDAS
170b205cf961412932da3d7fa205e54eed6da478cf0f9ff45a312f7014643100	timestamp	CZ	SZR TSU0112 09/2021
172f1152c1ac16eb1e5bc1a3988e3a48b49cdd28a749d2e628754122dd5030bf	timestamp	CZ	SSSVD TSU0052 05/2025
17586f2e6e507ba6f04b3b9f2f8525c6bf9659b015369bf021eb890327b2bc27	timestamp	DK	Kvalificeret tidsstemplingsenhed 1
179d3921b91a0091c7253e14a0f58c7a44f056afd912e3633f271da29fcbb10e	timestamp	CZ	SZR TSU0061 03/2023
17aaa6ca3541e83a63a4d85f79a7674683a79dcee99fff268c4b2cff193f6e05	timestamp	HU	TSU1 2017
17afde58c197d04a0aad399faa14326f862b8e35826158ca88f06dc9eec2acf1	timestamp	CZ	SZR TSU0901 09/2022
17b5f570fe16577975e844650a7899434df3f9e798eacea78f1ab18540ca16df	timestamp	RO	ZIPPER TSU 2025 A
17de78a3d33cf78a8f14586769997b8c7791cba158850b83d915f9606382817f	timestamp	CZ	Komerční banka TSA TSU01
1833fe5f4eb10f4e98006f29281a49b85785735259970ddf69fae3daa10b675a	timestamp	ES	DIGITEL TS QUALIFIED TSU 01 G5 EDCSA
18aa3f46e6638f533da795043eb76964c3cbc7692d40d9d4f8a9852fc1133290	timestamp	CZ	SSSVD TSU0091 04/2025
18d56ac5a58b55ff991e8ab0c85ccb9e45b4bc3c586e395c2cc8bda4ad5b62bd	timestamp	CZ	SZR TSU0082 02/2023
192db0af7dc27f2c33e9d75e03b5597ec284c63770a47afe9089550e80ba5228	timestamp	FR	prd3 melptct131 BPCE IT-SERVICE HORODATAGE
1977e2dacefec7d0252d0a7685676073f583b717a6e89f40400b9d03f18259e1	timestamp	EL	BYTE Qualified Time Stamping
19ab8127c2007a212ad75a1a9ff40c2692945c0c9ab4014d1f3e1f9b7621981d	timestamp	CZ	SSSVD TSU0051 05/2025
1a0c0c6c1913268f509900a15dfaa146c61986b497de80a84db5a397d796cd73	timestamp	HU	e-Szigno Qualified TSA 2018 02
1a2bfc3034eecf4ce171df3ad6a15cd4492d51eb3140df519e385c18dbd07f55	timestamp	ES	VIAFIRMA TSA 003
1ac658819e803e15bec018d336e19f19d956b74f56a990f0a82d9286a5008230	timestamp	CZ	SSSVD TSU0082 11/2023
1af6eed98ade612f3025c0386b7ca339a52c98551d3b7903b725d9e5a6cb2845	timestamp	PL	EuroCert QTSA RSA 2024
1b4ef349b998c9b647e21f335ae79212f3f956746b0ce71ad4623cb577f89cbe	timestamp	IT	ArubaPEC S.p.A. NG TSA 1 EIDAS
1b835831b59cf83c2181163ddf98c43f050b4325fb3fd1bd02c04154ae26b8c9	timestamp	HU	NETLOCK Trust Qualified TSA ECC CA
1bb3b605f1c57585c383782a8c34f3e99092bd58eb77e6ac1af2e586899d7169	timestamp	HU	Qualified e-Szigno TSA 2012 09
1c70bf099eb620ca2fa61f073766ad9ea263c899bc662b2c6ed4f34865e301dc	timestamp	CZ	SZR TSU0071 09/2021
1c95b4a93028caffd45c73c63b0fef50511d89df4dbcb0fcb2063031afd9e085	timestamp	SK	aTSA CA Disig QCA
1caa057b31cfc046c4ce849522842f653ca4e6a464e12779ee5fc61626361a87	timestamp	FR	prd4 melptct148 BPCE IT-SERVICE HORODATAGE
1ce5efa81e858f63c6d195a816c394b517b20b2668ed015524ea68492b5132fd	timestamp	SK	Ardaco TSA
1d14934f39076ab984c59765f31da40cba05b008dd67ea35a9f9b9b63e0671ca	timestamp	ES	ANF Qualified TSA
1d3bdb9882f3d16ad807903da797ec4abac27365d9b3c9b0e227b6b7e265972a	timestamp	EL	HARICA Qualified Time Stamping RSA SubCA R1
1d51eed589b9293393704d5e0dd1732fd127ea97dd1b0a97ed6aef25136bac17	timestamp	PT	Serviço de Validação Cronológica do Cartão de Cidadão 000015
1d5f9513a7e475f407e1468137b15838d98e10288320e658031f34a04ca70db7	timestamp	ES	TECALIS QUALIFIED TSU01
1dcb9d32dc89940e645acca4e11b7cdbc643d33406a217461983fa175a3163fd	timestamp	CZ	Komerční banka TSA TSU01
1e55268f60ea1c646b484da9f26f6e2aa21f935cdf4576c823fd6503c8a3b273	timestamp	SK	TSA CA Disig
1e7cdc1577f6590e7a10fe6e64b3637c25a1cdae2f52317a49fdb2473cc68259	timestamp	HU	Qualified e-Szigno TSA 2014 10
1e945a012896d70202c10808fedb149414e279708d2bc2aee28c2b33de6667b5	timestamp	LU	BE INVEST TIMESTAMP UNIT Q 3
1ec2dda04eb1a9cc6e29f01295929b8ad5eef1c20a692d7f73834ac3bc088949	timestamp	FR	DARVA-TIMESTAMP1
1ec658e40347e41724afb214f688770062d4439277048197e3f5bd7d6703146b	timestamp	CZ	PostSignum TSA - TSU 1
1f3f4497df9bac9d72f99975b37ded7d5db93005b1bf80e07102766f3ae405b9	timestamp	ES	FIRMAPROFESIONAL ICA B02 QUALIFIED QTSA 2022
1f6884af1973004d74a83a6da5d80182a592078b7b3e9d85692ff61d139dd0aa	timestamp	LV	eParaksts TSA B 2023E
1f9129fedfe0a49ad7efaed3dfcce1271a92a6ec8ca113f05ffd39202ca5ea1c	timestamp	LT	BalTstamp QTSA TSU1
1ffbb2ef819c2655217fdc1e34db385b9704496dc0a9fb64e9294ce3ea31b2ac	timestamp	SK	Time Stamp Authority 4
2038543e3f056a25153e9202b9408d80aac1032aa0258a04d458734272c6d015	timestamp	IT	TI Trust Technologies QTSP TSA CA
2042c4e1923c7b54e8a50e7a186fa2310ba24d837159a28bfdc35540f75db795	timestamp	SK	TSA Disig aTSU 2
2046ab498d18fb95b8b0c1e99b19d43e42cff6165466b827d10c34fc1f43176a	timestamp	SK	TSA Disig aTSU 3
204eec8cf8580db7e7f535a3f9bb9508fe78a504e393d46811dd2b8b3766d0b6	timestamp	DE	DGN TSS Signer 27:PN
212b344c22cfff037ed7bd99440dc22ded9eee8844b4dac0881b829daba83837	timestamp	CZ	I.CA Time Stamping Authority TSU 3 08/2019
214700b9eb6eea491f3c2fb06874ead13f7373b3cdb1ebfe58cd17aed4c43817	timestamp	SK	TSA Disig aTSU 3
2176692f4d4c47081d5e6cd8d6387e48475a32516f66c0ca4ba5fe8b7c9bb5a0	timestamp	SK	TSA vfp
21b4517f9c6a3500ff1603d6d72f9ed207f940624a96f1cd265cbbb72606a25f	timestamp	FR	DATASURE - DATASURE TSA01
21dd3f35b9b4c7c4ffe68ef7604e1a8cb9923bb20bc1c3887cf2188e426c3d4c	timestamp	PL	SZAFIR TSA
224a2bac76778caca66ba6ec11ad93e086e02ae9a5dac05475975b6c73529e0b	timestamp	RO	AlfaSign Time Stamping Authority G3
226b760614ebb7e8c61ea1aab37e469e5ca9bd3780c1143968c2d89caa7415c2	timestamp	CZ	SZR TSU0062 09/2021
22b289d9b4b1a8eb3a772da90dae35daf13ca6ee8db0fb64b86346e3eea19759	timestamp	HU	Qualified e-Szigno TSA 2015 12
22d12a86a15fd56f6733cd732aaf24f102446437a2ddb3cbd037842edd95ddc1	timestamp	FR	PRD2 melptct118 BPCE IT-SERVICE HORODATAGE
22d9b511689ff6cb797a31e77324dcbc0eb3c0a35bbcde4f8de77f1554f87603	timestamp	ES	SIGNE TSA 2024
2307ea3e72dde77845073907fc687a7aeb20b5e7fdaaef8e072c572fe9a8aad7	timestamp	CZ	PostSignum TSA - TSU 5
2319379da5291021bdee5f0bb19974b3e30c1f71f7951e73d74f93cb6c3b46db	timestamp	CZ	SZR TSU0072 08/2020
236f8ca35dd6e7f927283be310017c25e92ae87247b90770c48196e66ef2305c	timestamp	PL	CUZ Sigillum - QTSA2
2380eb7fcade7e06f6fa53d8e489e19702067966e9f1f634309c2a1e9d228e0c	timestamp	CZ	I.CA Time Stamping Authority TSU 3 06/2021
23be888b9ac6e87c2b27bf26801c8772c95576cc7c9bfbf2973ed4f84d01b3f3	timestamp	HU	Qualified e-Szigno TSA 2015 02
24433a8c43e024750a7d6f4e8c549610749a9cd0f1103966cd592d6d2d0f44ad	timestamp	EL	Time-Stamping Unit 2018
246d5e5132320945cbf9fe1e2547be3330ad05d5bb12ffcd5cbee41449bb3d8c	timestamp	CZ	PostSignum TSA - TSU 1
246e1b9ffc28124b4d0c5c8c755780214b593241ea5c7bf91c4e89f6d73096fb	timestamp	CZ	SSSVD TSU0042 04/2026
249d7bf9c16ebcda8145fc885a1504d156f0a188a278f8f6d573d2cd716daf07	timestamp	ES	VIAFIRMA TSA
24eb49ae76010362514ce03abb413a1138c72ed27ccfbf9ee992fefad69c8187	timestamp	CZ	SZR TSU0051 08/2020
26c67ab66227812f2cc743aa7a232aa76099c03862c780acfddabb4d888fb52e	timestamp	CZ	SZR TSU0081 04/2021
26ccf718e532563882f987c16aa138a771020708bd6ad6f4929f82fdcdcb898b	timestamp	CZ	I.CA Time Stamping Authority TSU4 10/2024
26e491dad0785f165a7ed8a9ce7015a3765062035bcce737bac5207ddcaf1fe6	timestamp	LT	BalTstamp QTSA TSU2
26e76bbf0c8ac6cdf81d1d5321db6e6d162cfaa667f86ce12f4cb974c724e557	timestamp	DE	dgnservice TSS25
270a2729b5239b4ea6bb20652be763290f76259358d4db4f46d802ae2ee3174b	timestamp	ES	IvSign Qualified TSU 2023
27181c1fbf340ad061de8e2ad6fd6377f062fe34aa853e40ff4d7e29b938be46	timestamp	CZ	Komerční banka TSA TSU01
27286ecbedd82243310331d847223d0df53fb864d637bafa562c200e3916a222	timestamp	SK	TSA Disig aTSU 3
276e5e300f354f3c395a9b2625cb5c701eb9e0955e17ab2fe3c6c49f0a808613	timestamp	CZ	SSSVD TSU0132 11/2023
2791a7324db9fe7407000f061a9ef3cbce844490dad991b08752e56946d4336d	timestamp	RO	AlfaSign Time Stamping Authority G4
27b3cda7a21ed109ce56a0a0d99512ced563645bd8c0515171957b6c90b0c21a	timestamp	EE	SK TIMESTAMPING AUTHORITY 2022
28063b182d90e3e79a3d279043c50947d008ea02f6ff40d5d4cc71399b80e0ea	timestamp	FR	PRD2 melptct113 BPCE IT-SERVICE HORODATAGE
2841159cd1d32687e4878a7533089c7667553326e114e3f93dabe2b3cca32c55	timestamp	RO	Trans Sped TSA G2
2841d18d562a525f8e07be08cea954cb037c650c9ebe69f5c910c448a0b9850c	timestamp	SK	TSA Disig TSU 2
286d3964200a9d95fa4a2978211566b219e304afa37e4fef0bdbc09797afed39	timestamp	HU	Qualified eIDAS e-Szigno TSA 2023 01
28884d8e3514e226081603274294aa7db0ab8800e5c63682845e93a212c5ad60	timestamp	CZ	SZR TSU0201 08/2021
28aeeead5f646e496cada26c6351c0a8b8876b5c4fd236e68e17298965c8f0af	timestamp	CZ	I.CA Time Stamping Authority TSU 1 07/2020
292abf4375a2221ba4968acda165aff507a38bbe82a62e800a789625ce78fe67	timestamp	CZ	SZR TSU0041 07/2019
29953c42577f113e5eec26442566a63326a8deb2489ac54b6a19da57748e5e9f	timestamp	CZ	SSSVD TSU0062 06/2025
29c483f89007b7da430cf79eb1b5d85c8b9f212622b22c6d94519960c2e8dd19	timestamp	RO	ZIPPER Root CA G1
2a06e712d6703d049e8359c3622af1486c6af1f57038c5789800bf76cddb29aa	timestamp	CZ	SSSVD TSU0902 11/2023
2a862dc300cda889e4cc27e9b4548f101748ea92e4eb326477327da98edfc37c	timestamp	CZ	SSSVD TSU0102 09/2024
2a89725e8fb1d69a865d64baaf0d4b96cdc54af07df95652cde7a6228a34a434	timestamp	CZ	SZR TSU0011 03/2023
2a997cb1983f72fb6d549a47f011af48e543421fe949acf2bc442c02561dd79c	timestamp	CZ	Komerční banka TSA TSU01
2a9a59a14746c69e025e1b68a0d968fd8927abf17049a437b2a380c2d7706f17	timestamp	CZ	PostSignum TSA - TSU 2
2abe6cace18b643f1c304775834255bf5fe7c46cc1b9c3a818720684a96f7530	timestamp	CZ	PostSignum TSA - TSU 5
2b0d8d34c79dbbb15f58e54b5fc5d2e127e3182961f4242fd50e0522c4d3ff8c	timestamp	CZ,SK	I.CA Time Stamping Authority TSU 2 08/2017
2b5c154a4a11e3c8df57fb121f925be387475d2831305fbb39c2fd7c82a6aabe	timestamp	CZ	TSU3.10
2b811491603e3d1f1c06ebd59b93673b227e94fc2dcaea3341af1b9e5e6948bd	timestamp	CZ	SSSVD TSU0202 11/2023
2bb1b5aa3976b770e874d9263a396bedf7046cb7955470daeedb37b99d829167	timestamp	ES	EADT QTSU 2023 RSA 2048
2bb402d903e1c15743e99806d1d046cfbf45e37ddd312607566f464996e20750	timestamp	PT	DIGITALSIGN QUALIFIED TSA CA G1
2c11031a0abd08fb4d755dfc2e5fc94efc3ac5d981893946f9116c61a9495125	timestamp	NL	tsaeuecc3.digicert.eu
2c3f6b89221e6a8fd011b0391076a9880f4c75f927fdc71dd3384006430ffc5e	timestamp	PL	SZAFIR TSA
2c6e6d6d687cff9b4a61659297f95a60270c1d2388e9be3d58f8fd8aad5aa611	timestamp	RO	AlfaSign Time Stamping Authority G5
2c736f3afc8cd228e78a913bdf31a9cbe7c52cf46363ed50b5c199b8d5c3813f	timestamp	ES	VIAFIRMA TSA 007
2c79ff7f9ef4aa4545c3c395c49395c9f4e7e49a30aa4ab944378f5fcd20b840	timestamp	CZ	SZR TSU0112 11/2019
2c8b63cee440ef98a8fecd7e60dbfc2754ac22f16991f7ba4f4017ee92e9d1e6	timestamp	HU	Qualified e-Szigno TSA 2015 09
2c8d4233f9bc80934e466f0c9f76411f65a5c1789830160b666859ef93de2566	timestamp	ES	TSA1 ACCV 2016
2c9bc1b2873e05d082308a973297a0f2927e8836663a1ca5cc2e8bc52bb84fba	timestamp	FR	CERTINOMIS_UNITE_HORODATAGE_81610_0050000549
2cbdf77fa4a99d95bc53aba0bc6362208a7d2df3fdf38ed0d4a0dddd8f9a9d53	timestamp	DE	DGN TSS Signer 35:PN
2cf5ebb62b26c1328ec537e4911d1e72da3a0bfcd7f67f9453df02f7a2877f2d	timestamp	HU	Qualified e-Szigno TSA 2012 05
2d40947b951639b45328dca475c603a3c44dd169631d9b5698721561d279ef51	timestamp	RO	certSIGN Time Stamping Authority 2
2d4aa97c8bdc7aea95714d0d6de39bd55b90c30a402605ba32e1bbe7c2512824	timestamp	CZ	SSSVD TSU0092 08/2024
2d71fa269ff9930a42a2add5303f7cdfbcfc539cef70af3982664068b140f5e1	timestamp	CZ	SSSVD TSU0022 11/2023
2dc964120df977b9690317cacf61ea35c0b6913282ae0af30d90b6b34e5ce9be	timestamp	HU	Qualified e-Szigno TSA 2010 01
2e4de1d35547528eba8de2373dca8fc29af57fc84d65492c7091188784891cb0	timestamp	HU	Qualified e-Szigno TSA 2011 02
2e6fb7438863490b32b5fa68d0e7173c2a90533ee74fd56f0bc0d54efc38a74d	timestamp	CZ	SSSVD TSU0051 12/2025
2ecb3be8378f68abb0c2e2f14a3e0d6b26278b6aad654ec757d259dce7e9aac5	timestamp	FR	CERTINOMIS_UNITE_HORODATAGE_81610_0050000498
2fdd50994469433afa312472c8e5afaf10f3f678541bfe6cbb33bd8a685bfd09	timestamp	CZ	SZR TSU0902 09/2022
3016507097ba58d78ea1f244822352a60d3417ae8338bf1e4f05aa7a4051ebf0	timestamp	SK	TSA TSU02
3053de352b99d17a9fe29ba80a479f6582e16a4f23b997a524ab885fa5d78cab	timestamp	DE	SIGN8 TIMESTAMP CA 01
3088335b9a21b130bfeaae31ab04dea963337727510e17c22e74b3e7d203c6e2	timestamp	CZ	SSSVD TSU0021 09/2024
30a08f6d58adf98911ec489dfac25a70771c978a73ecf7d626cd8507074a9c19	timestamp	CZ	SSSVD TSU0101 12/2023
30b45e4b561e39b5f55f216a00f2e996a326d87bd8df50d2b952f058fd5e9b23	timestamp	SK	Ardaco TSA 2
30e6c69f3ecc319ae0fd9d04b814d72c65c7191479d3a64af9b83d2448d6f6d4	timestamp	NL	tsaeuecc3.quovadisglobal.com
310e6d3c7305910fab17ac97f6a81b3b889d4013cb7dbfb48b9ee291686c6a63	timestamp	SK	NASES Time Stamp Authority 2
3148ae046487b8ea27141ad9db33108a05597a6c36b5d7b7d61bcb9f9856cbc5	timestamp	HR	AKD QTSA 2024 2
3160f1a9ba293c529e02e03cd1667ad16586645b2e0575d521ac84914a5e9236	timestamp	CZ	I.CA Time Stamping Authority TSU 2 08/2019
316d4fb6c2093643830c2b6c915240cfb60e6254d5b53d3db6f9fdbc3e9db61f	timestamp	CZ	I.CA Time Stamping Authority TSU5 09/2025
3178d1922c40c7f99bb2695423d860820eb08d7ee23591f9af8bc91ec2e1a8a1	timestamp	PT	Serviço de Validação Cronológica do Cartão de Cidadão 000011
31c8cb0ed1308d8b0390f91e29dfc824ae6a67501c93453ab8c114bdd368b6ff	timestamp	SK	TSA Disig aTSU 1
328281ae8713b81733787f96c7a0c3675c01de35d27f3197255b2b457680e796	timestamp	CZ	I.CA Time Stamping Authority TSU 4 09/2018
32a3d851d57d9e3d1888b1d84e10df8fc8e1a3bd344a4e374a308eabd9f20830	timestamp	CZ	SZR TSU0082 11/2021
32f4210c6bd07cf0e32def6cfa4b85800f3784793929e07aee83b367c1ef7299	timestamp	CZ	TSU3.4
32fefa6e8ea3591de6b2ee746aae91d24ea156d5c4ef21906ef551dfebdbf1e9	timestamp	CZ	PostSignum TSA - TSU 4
333316c3e65e6ce849f89e415abce5a6acded605e12e580d680952dde7e95e11	timestamp	CZ	PostSignum TSA - TSU 4
33631b0147e92292ca49b27e98d5b693591317a91f2df75b7a214ea90052db09	timestamp	FR	prd3 melptct132 BPCE IT-SERVICE HORODATAGE
33876d11059a67ceb6fcf2fd737cf55187975c8baee68b68c8ebb67787e4582d	timestamp	IS	Signet TSA 2024
33ae7bf16f6a8670b74e3c9429b563f1658b79a6bdd08b059c7742e183b14618	timestamp	CZ	SZR TSU0032 02/2023
33e63abeeb4ef7d05118143eea398ae7650c5f3a68dc8e209a271fbc591584cc	timestamp	HU	Qualified e-Szigno TSA 2013 11
33f1a7e9691b3252072483abca1c080b579ebf61b53c215541b61d1300db8842	timestamp	RO	certSIGN Time Stamping Authority 2
346a0493c3d34a097f1fd14c15bbe4172b11306d227ff5508739bccee68d7965	timestamp	CZ	SZR TSU0902 09/2021
348ba0546a313dcb8e4762434e03ab079b12ebf21e552815c07e83f3897c39ff	timestamp	HU	Qualified e-Szigno TSA 2011 04
34d8e4a31f6a2727e1a2148a24cbe961f8965c7a12f26c871aabcfc02355d352	timestamp	BE	ZETES TSP RSA Qualified TSU1
35078323339d7ce8be91b3c1c7f60f29eab9aee29a5a20ba5203286695bcbebc	timestamp	CZ	I.CA Time Stamping Authority TSU 4 01/2023
356321f5c9404974769dd381d14b7bff270a61137415d811c210e9f6a1e0ab90	timestamp	RO	ZIPPER TSU 2024 A
35adec979b5aae561ed4044f4dcab786bfb651283596960255e1b0806939af73	timestamp	ES	DIGITEL TS QUALIFIED TSU RSA2048 01 G8
360dd2028545c9c650e68ab1845818f4be7beadeef44bff26290c4b678d220fe	timestamp	FR	PRD2 melptct114 BPCE IT-SERVICE HORODATAGE
364d78f1bf41fecde558fccbe651b3f2acd239a28da575b1cc741ec94568bcb8	timestamp	HU	Qualified e-Szigno TSA 2012 03
367995c1035a4b83dec975e25c03d2414271c01ad3caf37234519fc8443e982c	timestamp	ES	TSA EDICOM
37365b1a2758a248c0dd260ef233bcdc1a2bf24db9293b14b4de0541e4415908	timestamp	CZ	SZR TSU0051 10/2019
37560c6e0f4b77a44f31fc8438ec05201c9005cf54bd8d80b74da819f3d18680	timestamp	ES	AC CAMERFIRMA QUALIFIED TSU RSA - 2024
375e62137bcdbecf1111e952756a84ccbabe6bafb9b7a7809d0a0f9c601ad048	timestamp	HU	Qualified e-Szigno TSA 2013 12
378e90d5a8f06a476132761626cd7b491ce39b0e87be67678dcff5c5e5e0633d	timestamp	CZ	PostSignum TSA - TSU 5
3843406404b9c39c8ea80988a0bfa930dfd2372e2f5590a89f6f8aa7a802358c	timestamp	SI	Halcom CA TSA 1 G3
39135f88dbfa7c1071b698aeee70a998b0edc7a75de71d2f1521d5f58228ed28	timestamp	CZ	Komerční banka TSA TSU02
3917e4995093954bc162568c7188c00a222023166824480e8f84a4e1f3441dc1	timestamp	BE	Timestamp Unit
3941b94a72b80912f4ed69364145d59203b76bc79e50dc807e88d9d293061332	timestamp	LT	BalTstamp QTSA TSU1
395d12775b6ef12cc55fa28bb8991a6673a3d101751901cbca4dc962213e7bae	timestamp	AT	a-sign-premium-timestamping-07
3a007b26cfbce36524586c6d595edae0d631d51bb5d67bb5247c92e75c8baf01	timestamp	HU	Qualified e-Szigno TSA 2013 06
3a1ba3bfdeed2b58bd56f9daaa65425ac27ae39079fe25c0d3d830a223449dc9	timestamp	FR	CERTIGNA - TSU24
3a50166abd7e5048a086a3ec148611a7f39eacee3af3d8e928dab91364dc59f8	timestamp	SK	TSA Disig TSU 1
3aaa8644cd3610eec8898cca209cdcd0addb3c45a29139905704a1b7147b05a7	timestamp	CZ	SZR TSU0062 08/2020
3abe485f769ba883411f581d5173964f4f2c355899ff33b6a804705059bd056c	timestamp	HU	Qualified e-Szigno TSA 2015 04
3b07f0e8b20b442aa0d576b871ba9d3a63fb7187ac31116adb5eafdd0493d678	timestamp	DE	DGN TSS Signer 13:PN
3b39300848eaf98ee00ca6dc664dfde59dc451b267f29d9cde2753b41cafcd00	timestamp	CZ	SZR TSU0031 07/2020
3bb32a084bb4f31f0b70aee1d7b40f9cc259dc8554a0ee49ae341ca3414fb3c7	timestamp	SK	TSA Disig aTSU 2
3bf3c0d11a0d38ed5c5289f4b7c532f7029c905cc53c704700313663fc8a7843	timestamp	RO	ZIPPER TSU 2025 ECC
3c6fab3c48587ad905297f3192f8622764c69b8e49b56494f8ddb4cd69152208	timestamp	ES	GRUPO BACKUP QUALIFIED TSU01
3c930bbb5105b224d09fa5ae4d08c927a20534859e9a725fb7beb755ccef3f8e	timestamp	NO	Signicat QTSA CC 2024 v1
3cade9b32edde7eb8062f31c5280afa514382549852452021f5fde9158ceda11	timestamp	LU	LuxTrust Qualified Timestamping CA RSA
3cbac1bc79fb1d039737c36c2ad8d9b55ace08a2e2440878d1ed983ae6e0fcf5	timestamp	CZ	PostSignum TSA - TSU 3
3cd6c69a18cc9d6bbf29e4af1163347452bf32754c83ae54bf8bbd06eaab7f54	timestamp	DE	DGN TSS Signer 44:PN
3cebc116e4d6b4befe375702ea6dce67225909ff535bc9a3c99ef4d5d19aa8ca	timestamp	RO	ZIPPER TSU 2023 A
3d1a4d82b2b5b04eca6bae7bed2437b97aa5d6a2a65259735e8eb77702329a10	timestamp	CZ	SSSVD TSU0141 04/2025
3d303f09fe644cf56f9466af460a6de124589e5af00da4496c746cbb756c302c	timestamp	CZ	SZR TSU0021 06/2021
3dbe7a6fc16207bd6b115a129e036e9a14205bebf22cfdabbaade02c425dc930	timestamp	SK	TSAmil
3dfb07da034c0ba51003d8c16dca5493023e3786bebcfc9e8d93ee917d952d37	timestamp	LT	BalTstamp QTSA TSU2
3e2a5e16da3b6b282665f8fd8726de02de623c46a617ff5275989a80998addc3	timestamp	CZ	I.CA Time Stamping Authority TSU3 09/2025
3e6c168604b94eac8ab5a037367d0f7f8e540056da906510769e096bad7cd8f7	timestamp	CZ	I.CA Time Stamping Authority TSU21 09/2025
3e9d413f00abb6804464f0513391105dea012a0fc4d92bf8be1b7d6a8d8bcdb9	timestamp	CZ	Komerční banka TSA TSU02
3ea470ebd906abc6f0157e6c6306a27df6ab038a82637921113ac6f14a8753cb	timestamp	ES	EADT QTSU 2023 ECC 384 QSCD ENS alto
3ec4bde2f734e1a76486b1133c1be7768a2cc6b917189492d189d35f665fcb2f	timestamp	HU	Qualified e-Szigno TSA 2009 02
3edc28c01747502b35a969a283d2e6a65b8b659ae887a019eb2d9b2d214b08fc	timestamp	ES	IZENPE TSU - 2025
3f0275be38585ee64cf725224f1ef0d622ed2b301cadc4e31ebad082655f20ae	timestamp	DE	DGN TSS Signer 16:PN
3f4228639a83070c9e11500174abc7059c1d0cb8dba0607c3222af59e5ca6421	timestamp	BE	ZetesConfidens RSA Qualified TSU20
3f6ade3dfc7196fd27490b5a4e9fb610415cbddd0b998a5b61255929f0bab14a	timestamp	IT	UANATACA Qualified TSA 2020
3fd5c1f7cffad4ae2dfd77d7bc661e0b96813580d7cd366e991f7d30f152911c	timestamp	SK	TSA Disig TSU 3
401bfbe868827ba872b6741a6154ef0d037572dab0133cc98d26810453add091	timestamp	PL	EuroCert QTSA
403645a5c2040b168917e576c0e57b85686bd43e41130ae5739383e08e1d3443	timestamp	SK	aTSA CA Disig
4047cf1a99fb392a0ed28529610300fdd484c2cb34173ca964bc8787171cfca0	timestamp	HU	e-Szigno Qualified TSA 2020 02
405d6a509aea361aba8dfb4a4c6d62b1b0df82c50d7a3df3583c0537fc62b55f	timestamp	SK	TSA Disig aTSU 2
40de11952b7fce7c8c44e009aa9ef2e3bd8f059d372418e70e7d4c64150ee244	timestamp	CZ	TSU3.5
40fdf903ae6e1cd8b158366bba5e41c660683a8d513eb02871e3d44ba0505838	timestamp	CZ	I.CA Time Stamping Authority TSU2 03/2026
4108cdbb5d0410b11bc60aa55866773735c94bfd1d360ac251ad78e7d3bded22	timestamp	FR	PRD1 melptct093 BPCE IT-SERVICE HORODATAGE
410d5793c280ddf60fae373a69fe06e0368cbde4248e6c4a34fc3bdda9fb6bf0	timestamp	SK	NASES Time Stamp Authority 3
4150f2ffb726faae9fa65663529dac520599a266a9ea87b0fc94d2dbdff97d6c	timestamp	CZ	SSSVD TSU0043 04/2026
4208362a619c36ee7b06b5fe3ecdbd3ec1bc1bced78c7e742616b84945bab024	timestamp	IT	Namirial Time Stamping Authority
420d9e5bb64f3c50332ea2d6ed016d83a2c9a70add637b6fcef31a5999c86d95	timestamp	CZ	Komerční banka TSA TSU01
42204ffc3509cf2500f20307f5686f100afd84facc9cedb1911e154eb56bf7ac	timestamp	ES	DIGITEL TS QUALIFIED TSU 01 G2
4245287e1f87bc65d7c951a1b6add423eee90c254271d7a4c658df175d960788	timestamp	CZ	SZR TSU0022 06/2021
425141db96a5e05b1392c83d9c547fa823b1a9fe96f78e161940e03bfc1757d4	timestamp	LV	eParaksts TSA A 2023E
4264ca34d4d4877848a1c0542cc3bc5c9e573811829cd635d329e5c93f2d348b	timestamp	CZ	Komerční banka TSA TSU02
4294f64c095ff3eef5763dce107576eb2638df24ca704b739b6e50dc5cd97f32	timestamp	CZ	PostSignum TSA - TSU 2
42a1b2cfaade274964dcd9c482eb9150fe33de3ce41f79396e58a4f91196518f	timestamp	BG	Evrotrust Timestamp TSU 2024
42ae0a95c901ab4e00bb18704382b7be8f127ff0697a09d5acb1e30e360473ab	timestamp	CZ	TSU3.14
4306ad05a6c4c0895514bac35314e078d4d30d5160064197debc877a29c808e5	timestamp	CZ	SZR TSU0021 03/2023
43088f5c43e753266e550d47a8aa3ddcf4e72b2490ab7f63675692919cef4bba	timestamp	CZ	I.CA Time Stamping Authority TSU 22 11/2023
4329a61ff2adf1f4d135b25f8cc988b7998c5b8396353b8d55192f78bab3baf8	timestamp	SK	Time Stamp Authority 7
436c9005fbe21cd66077fcb77bbd6ff5c7a48d1585de145f446e0d598cbf8b12	timestamp	HU	Qualified e-Szigno TSA 2013 08
43751407ec07ce9f5a091507a0cdef1c08091f8e04eda3d4b1cb85e231fb211f	timestamp	CZ	I.CA Time Stamping Authority TSU 1 08/2019
43cdbae002575e802c102e42a44e540f2c63603f04e56bb251ee06d4c850c8cb	timestamp	SK	aTSA CA Disig
43d423d580e8e3f657eb748b5ac47ab816486392869b3750f200b956dfcaacbf	timestamp	CZ	I.CA Time Stamping Authority TSU21 10/2024
43dc0ce58e6eb2be0f487b38bc7c76a9d001ab4c72770a0b7c40add2fdd32685	timestamp	CZ	I.CA Time Stamping Authority TSU 5 01/2024
441bfb3727deb034e4798479622cb8837dccf71c102870ea48b1c265e2a639b1	timestamp	FR	PRD1 melptct094 BPCE IT-SERVICE HORODATAGE
4438db5d457b8978da8b48fd566437f5d6aa7e80ff4846b36e4370ad675a60ff	timestamp	CZ	SZR TSU0201 09/2022
447843f8a38cc07a68fe157fe1fede7fb356f33af43a7a7cf00ec485b175ea65	timestamp	DE	DGN TSS Signer 41:PN
44916c1ddc66df66c28635291e48672ceb9b431c354692ab5e2c0a1251387594	timestamp	IT	InfoCert Qualified Time Stamping Authority 2
449cf7b17692a60893c14d25ea1613bf2fb9c013bd2f0c4a64143eea794a1d0a	timestamp	SK	I.CA - Time Stamping Authority, TSS/TSU 2, 11/2013
44b26744269d06aa4bb03c3c9d0dac82db7a3f03ab2f66692f2059d72d772e50	timestamp	CZ	SSSVD TSU0031 06/2025
456639140259315cc0313d4c613b2e538d3faabf111409f3345461fe2327c71f	timestamp	CZ	SZR TSU0102 06/2021
4574a9a09093ce1a35a1ec2464cd2f8beb57d572770a8ff4b85d5a193231ae16	timestamp	CZ	SZR TSU0011 05/2022
458b78536266f227b663e184960fdf6ef5e0251ce2a75422a3e07419145f2ca5	timestamp	HU	Qualified e-Szigno TSA 2009 03
45bdba1c3e60c903711be45ab93800cf4b0b09c13353b348735f04078d6fd30d	timestamp	BE	ZetesConfidens RSA Qualified TSU19
45c0478b4a3759b03ae9f46116212e2e7fdb7e3161cf47d0c294e5f213bc7353	timestamp	DE	DGN TSS Signer 42:PN
460811365d55b660bb73d150562d0659688ea09ab59e450f56189ed6ee715fc4	timestamp	ES	DIGITEL TS QUALIFIED TSU 01 G3 EDCSA
465d0f651b57baf4df40321e906b08b4020684b75865d9e661012e89e52c075f	timestamp	FR	Sunnyseal TSU03 Qualified eIDAS Timestamp
469ece4cfc9bdba9d49c4277c04f0f863c8303359f5b8f6dc3c04855bceace9a	timestamp	CZ	PostSignum TSA - TSU 4
479b656f13ecf8ff263ef31734fc40b602cda8143b92d5eb86d7349acddbde53	timestamp	IT	Intesi Group EU Qualified Time-Stamp CA G2
47e2d6e6cf4d17c931a8d98e8adee071c9096b91abdcd7c1e9525a8820e01152	timestamp	SK	TSA Disig aTSU 2
47f67cf54bd65d728ef171222e6ba0b76b7c83ba1e18863586ccf3f72b03babc	timestamp	PL	CenCert QTSP TSA
4859a954cd4bb753839eced55a274136d4794b6263c8b70d4db835e3d850fb3f	timestamp	CZ	SZR TSU0041 06/2020
48ad99c3f1b6010554c4798fcb05635fadf0681ab5e7408564d55d733f96030b	timestamp	CZ	SZR TSU0011 05/2021
48d7fe9672b0678a82f68cf7907b7862e86bdae8ad596a3b9dcece814a337105	timestamp	HU	TSU3 2018
490e98ed850734e9acd1d8526c7e8692054579ec50c2176846ee7d03f68087b1	timestamp	HR	AKD QTSA 2023 2
490e9f19c99d6a9966729dccbf9cd4662ac6dc973ddd461fb1900f0e0eaf5678	timestamp	HU	Qualified e-Szigno TSA 2009 04
49cff9c78d67b7c31f5a2ef2c4071476d82894cad1d4b9304f6a3e35573a5dea	timestamp	FR	DHIMYOTIS - TSU19
49d24651e7dfffae76339696e466792edecb3ac85c8167d07b4063b099ca99c3	timestamp	IT	Zucchetti Time Stamping Authority 2
49e762f6507649964562357f8ecba9fff16e1e0d2114758c5ca8b492c93ad6b0	timestamp	HU	Qualified eIDAS e-Szigno TSA 2020 01
49e936c7368d06dfb38ad5414dacd589febc652b0e5777209a1b78f0b1e89bf7	timestamp	CZ	PostSignum TSA - TSU 5
4a356e04ced3f33e6f319ff33d890716a9fa46e3358df728bb2e93ed7ddb1849	timestamp	SK	Time Stamp Authority 2
4a98a775e61b2f8aa76bebd4643be053f3e5a85d4dd7062d02805bc7db2c1892	timestamp	ES	AC CAMERFIRMA QUALIFIED TSU - 2022
4aa0ad0c6ad07c942d0052d00c5b25b64744f3f6b6c44203dff5182208ee7720	timestamp	DE	DGN TSS Signer 52:PN
4ad9ba68275c5b730bd8786a383a549dda747f09bdd0f1b708a9ba8dc42c384d	timestamp	BG	B-Trust Qualified Time Stamp Authority
4b05689829e138fd52c17605bc8a6ca191c955c740d18446e1f687249ce0f97a	timestamp	CZ	PostSignum TSA - TSU 2
4b0f3f49f559506817800f2a61b3c18157d0c9cd1b43692a98786dc431a2746c	timestamp	LT	BalTstamp QTSA TSU2
4b1e71f75b3323ef7d3c62af189f5c7e9751509afcc70a64c4f5586d307555c2	timestamp	SK	TSA NFQES
4c1256aa033c4e97f24c5d91461fbac92892a082793a0d0caf3d354292aa7f1e	timestamp	SK	TSA Disig aTSU 2
4c50cf4ddfae7dbed79480864e6a1f093723f0faa1195364714ce40cdf5b5bc1	timestamp	CZ	SSSVD TSU0081 03/2026
4c5a11c0c7015932b6e28353ef12edb48aa8a0d1099f1c2b805e96a47ccbd588	timestamp	HU	TSU12 2021
4c6d036c606b6b5a7a018e82a95f44286de674f652aa283240ea5996de600e0f	timestamp	CZ	SZR TSU0021 05/2022
4c6dc0e877911fa66e23af2545728fcedce976e24d84cc4cd7e5b16b9f9a6506	timestamp	CZ	I.CA Time Stamping Authority TSU 2 07/2020
4cb207de3c75d64670861b42c07d0f94425edb86439cf3ea2efc3a17e924c410	timestamp	CZ	SZR TSU0202 09/2022
4d03ed9fd5d4344782e8003c3edd98615aa20ffadbf328fe28fe7906a17ce321	timestamp	AT	Swisscom TSS CA 4.1
4d517e5eb3c7cd608386725edde984ea91f9fc590753cbe3283bc9979934d6f9	timestamp	RO	CERTDIGITAL TSA G4
4d7422b88036e6a0f70690fd6d1a03a5734c96ced036a8d79c961f11ae168813	timestamp	CZ	SZR TSU0021 05/2019
4d9ecd0c19d1d71609d29f00a25f24f92175cc90f1e842592097853ec94f67bf	timestamp	CZ	SZR TSU0111 08/2022
4da8e6f3918b80013ab0cadbcd3805b6e49c4d45f052f68bca13787caae620a7	timestamp	SK	TSA Disig aTSU 3
4de42b07c0997c41b5ac1eeb665d1ad1ae380b79af6b34a633f91b90e31bad4a	timestamp	CZ	I.CA Time Stamping Authority TSU 4 03/2022
4e2f75ab5e6835c433af0363f5da7c1014460f8c84581bfb0d15abe36679aac0	timestamp	DE	DGN TSS Signer 32:PN
4e57afd20fc6fcbd284593bb70760d5a1293f3a5531bc889eafa79276f45f0b1	timestamp	CZ	I.CA Time Stamping Authority TSU 2 06/2021
4e5a0e999e1cd91275c57df294c48a2300d04ea7065d58312563c2594286e8d7	timestamp	ES	DIGITEL TS QUALIFIED TSU EDCSA 01 G6
4e61b1c82795528d1ad96500ea92c8db26e1ba5420dd87a5416f4a9fd4b00e6c	timestamp	CZ	SZR TSU0032 04/2021
4e919cbaa4ebf89462d32aaae1c2a0c0a657a2200bfa36ddf0c15c7c22a3e3d8	timestamp	HR	Fina QTSA 2017 8
4f2ffbcbaf15a38337bcb424089bbd099fcd6631c89e373f5da88a32051706dd	timestamp	DE	DGN TSS Signer 37:PN
4f3d02620b5cb46a21212ccc2c01f049fcfb45604f7b60307dc40fedbc2204eb	timestamp	HU	Qualified e-Szigno TSA 2012 01
4f484a102a099bf41b2e5e2ca5b40d27b6373158ecae768efd1b9e8b119fb7f5	timestamp	CZ	SSSVD TSU0101 09/2024
4f5e4a5cb90714c9c2fd003d15e6559032d839255536a5fbfbe8a40cdfce459a	timestamp	NL	tsaeuecc1.digicert.eu
4fb7375fc459d1b283ebba37132e2956eabcf6fb69187e34eff6e81dc6ef8aec	timestamp	CZ	SSSVD TSU0032 02/2026
4fe4299d08f0b49f5e9eebe9c1f06ae494ce7688481f6baa307d300a532511cc	timestamp	CZ	PostSignum TSA - TSU 2
4fe937822d9dd9b23995182ff5661e665189e85f9ce79c44bf961ef83455c892	timestamp	PL	EuroCert QTSA ECC 2024
4ff4e9132b9d39984d3b3ecae876dede25127e7f54565dd8a7d27c4bdc0f64c7	timestamp	HU	Qualified e-Szigno TSA 2012 04
4ff92a7d5d76d6409063bac3fe265b34f2da17af7e7d485d949850d9bd51a9bd	timestamp	CZ	I.CA Time Stamping Authority TSU 1 09/2018
50527159317735f847cfb4e75b56f89d61e3c774947565fb9eb75b543e937d59	timestamp	SK	TSA Disig TSU 3
50cd1b0b444a086658d49f1fa7b2fdfedbbb1d32320e254440d815a962cae0a0	timestamp	CZ	SSSVD TSU0082 03/2026
50f693760a8a2351138f51e38264dfdc4a79a21f8b15394f2dc9b8c177f4e7b6	timestamp	CZ	I.CA Time Stamping Authority TSU6 09/2025
516f00ef296f2c02da2ac0159868cd6687818395e801eaee1280382fdd3ff394	timestamp	SK	TSA Disig aTSU 1
51d79375edf6268c9ba341144b60406a95f07eeba3c960b630df9bda5814cb57	timestamp	SK	TSA Disig TSU 1
5202d2e803dd1ae53b4c223a6e40bbc4505368ce850cd1d344c70846065476fe	timestamp	NO	BankID BankAxept QTSA - CA 1a
52fdfc8696817d5ed76ee20b1600b04c1b92b4136433594cd69b112fad86cb1a	timestamp	CZ	SSSVD TSU0031 02/2026
53883da93ab20b3e379afd1e482f364137a49b984150159dc23202a37b556a72	timestamp	BG	StampIT Global TSA
53c9935a6122d59fc3192d777ad8bfc76f281161a542c3b4c2b85ec86b07ddaf	timestamp	LT	BalTstamp QTSA TSU1
53cd7cd90daf51e6d21851c6bbe2a6ac783d4f3b44f38accbb29608bcb901360	timestamp	CZ	SZR TSU0901 09/2021
541b0c68156cf43b7c2a637e753016e6a29e234c37850a88dadcab0c513a9d52	timestamp	CZ	SZR TSU0062 09/2019
544912149d36fdf09d7c24466349dbfb02c0040a725d139604731e938deb99cb	timestamp	IS	Signet TSA 2025
544e8a30893bb6f01038b5f2efb71a8a3c57ee4fa886541a96dc366610187bd2	timestamp	ES	EDATALIA QUALIFIED TSU02
54687114377f741a3df4d2224b903a8551fc6cad5481280cf2ee6b1ef84b7a5e	timestamp	CZ	SZR TSU0082 10/2020
5470ccec0947df3af5c17d79f3119c87e368bdbc7ae5f927da50c8a6c9f5b286	timestamp	SK	TSA Disig TSU 1
549a4459d785656a9cc434483ffd169b81b44b4ff89615f0260d021f9b41d3b6	timestamp	CZ	SSSVD TSU0202 05/2026
549f5138698920cbfc64fb47810214367e7744dcf58ceaa49ca6daf1aa8240b0	timestamp	CZ	SZR TSU0022 11/2020
54d3f7587529ce31f29d45f4bb3a0f694b51454bd27f505d1325dcbe3469e709	timestamp	FR	PRD1 melptct095 BPCE IT-SERVICE HORODATAGE
5545519684de6c87875326d985df0334575b74bb18e9d2603d459ac889ba1991	timestamp	HU	Qualified e-Szigno TSA 2014 03
554706f291b56ae5d1c046499b003cf5bad91e5ed39b90ace31f2b268cc0d117	timestamp	CZ	PostSignum TSA - TSU 4
558676381dc21ee5a22ada8f8b20f46832b4a2e5913686e3e7f709303be7b9f8	timestamp	DE	DGN TSS Signer 38:PN
559bbf68b092134e12f3f907414c44eb8102f61efd42873e1c9f6f337fc04eb4	timestamp	EE	SK TIMESTAMPING UNIT 2026R
56048aef93f6430253291c308b4f7d75b29e82955e8a4c8435d3fed73df18645	timestamp	CZ	SZR TSU0112 11/2020
569bea02731597cc91444f3767d1d48f046a9700260b7e2d69ee58cce0a120dd	timestamp	CZ	SSSVD TSU0902 06/2025
56cab2cd977b47c14f0067d304b8554a0e31ba1d21b0f15bdf7faa819da03176	timestamp	ES	AUTORIDAD DE SELLADO DE TIEMPO FNMT-RCM-TSU 2025
56caf8f07ff8f7ab8ab5c3c637ab24a993c414c49fb7fa5bd8f26b44127da692	timestamp	ES	EADT QTSU 2023 RSA 3072 ENS alto
56e9936814eb6f1d8772a3f63a732865dd3cc309b0bcf86a4260ef1c38c24441	timestamp	DK	Kvalificeret tidsstemplingsenhed 1
574afb80943b228738b4b7e9dbe1b13895fbde328ec4899a851120936e87b85a	timestamp	SK	Time Stamp Authority 8
574cce63113e816f7e4855a11f964f54dcf0a1bbfbb27a2b375d0959d5f88d36	timestamp	FR	CLEARBUS - UH 003
574f01cf3b6f0414bba7967099619bc78e7e8f4140bfd308a7e18c223280280f	timestamp	FR	prd4 melptct150 BPCE IT-SERVICE HORODATAGE
5782cec39076a8de1410367b5195ef97b838701496fdd7036f3d7409cbfa170f	timestamp	CZ	I.CA Time Stamping Authority TSU 3 01/2024
578a394e88545eec1633742d91dea47a072232d09f5c03a23335975155110caf	timestamp	SK	I.CA - Time Stamping Authority, TSS/TSU 3, 11/2013
5796cb2eb7d6b40b5a670fb90d60564fe850ad93be4a653160777badc50c8a7f	timestamp	SK	TSA Disig TSU 1
57ee8a4a1871294df5f365b15fefdbd02f85b81c4352b84dcabc8dd07fd8f871	timestamp	FR	prd5 melptct081 BPCE IT-SERVICE HORODATAGE
58242a9bbee369984d64681b833876a695e26a519ae10ed258a71e1fb33c8c3a	timestamp	CZ	PostSignum TSA - TSU 1
58a1ea218199a484d2197b38868763394b21c09f2452e9085e4b3e3026e07bd3	timestamp	DE	DGN TSS Signer 51:PN
58def1c4f6841a8512489ba872cbccb369fbe72d13df7dd8b41f10034e3e35c3	timestamp	FR	prd4 melptct149 BPCE IT-SERVICE HORODATAGE
590253d63c3c25fb0270f622c2641a6e7a6f416d4627d400d6e442a3f4e852ca	timestamp	IT	Intesi Group EU Qualified Time-Stamp CA G3 ECC
592968863ab9b0ec3a3faf4a1860e9e56a124c13f3fee769535800bd58978e93	timestamp	CZ	SZR TSU0052 05/2022
5a6050aa6fc4d5476775e03a8b4b4e720ca5181a4158091327be9da0df70b7ac	timestamp	CZ	SZR TSU0052 09/2021
5a7bd824a242da2fae482777a62677ef87d171c9a4d9b8c2e519f28fb7f6489b	timestamp	SK	TSA Disig TSU 3
5a8a374111a34515c2ce4594974c2c140402c555e9b0d895ae7f2e5043f21bdf	timestamp	CZ	PostSignum TSA - TSU 2
5a91df4870caba52ae4be49dac3c75eb13d18931434630ed7023b6759d39ee2f	timestamp	CZ	SSSVD TSU0052 08/2024
5aa48cc28850a892740ca6deaa50b97e65dc90857be9e6eda7a348eae26c934f	timestamp	CZ	PostSignum TSA - TSU 1
5aa4ed78d14c2b91d9835189e9e1ecc592bdeffc6c34c20b6643f9217684b41c	timestamp	CZ	PostSignum TSA - TSU 3
5aaa7df531cb6d9aa368d986a5be334649915a2e6e7fdd2880cfdfb34c95eca3	timestamp	SK	TSA TSU01
5add3a7de47716d4ef54f588d5a2495673e661e053e1f25e664defb7ceb7ec73	timestamp	SK	TSA Disig TSU 1
5ae4153bf3d8b452394b1c1da0b6bc6bde88f19797a287600882d1a78c2d39fc	timestamp	HU	Qualified e-Szigno TSA 2013 04
5b603f35ba690e7a0e6fc0b8a1119db8230456d8ca99f47962237916ee4aec21	timestamp	IT	TeamSystem Qualified Time Stamping Authority 2023
5b8360cf27840c5d515728a1612fe0baf0145cf2643c9e613f74c868d729de47	timestamp	CZ	TSU3.1
5c045d4ac771131740db14aae5f9275de90394441096d2fc2de90c3483c11a9a	timestamp	HU	Qualified e-Szigno TSA 2014 02
5ce325116964f4783fdbd69e1ff0a5fa4e7512c1abab4a266c4f15a6f7552dd8	timestamp	SK	NASES Time Stamp Authority 1
5d1fffecdb89e257f2c0f9ae19a534141ab882b73c7ac551f1c812aac914b84e	timestamp	RO	Simplifi TSU G1
5d3090e160007e9918c2bc8126daf32a8f2549ef8b4ef9db28309a7d1e310088	timestamp	CZ	SZR TSU0022 05/2022
5d75a3bd64305cb43d79f948cc3297515ee2fba28f4ab4fc43296ed42799d1bf	timestamp	EL	HARICA Qualified Time-stamping Certificates RSA
5ddf8647f668d0617c173dc506a717521b82225bd33eb9fb572fd8f3edf46e05	timestamp	CZ	SZR TSU0012 11/2020
5e45d961e521d72cc6936f7324721d8b566d23b7ebed4ddb6ac1d1b9c059c35b	timestamp	IT	Consiglio Nazionale del Notariato Time Stamping Authority CA Qualificata 2019
5e813e7bec062bc8c64422bff7b0b52f200723b1e26239fdcb9f133566bd54e2	timestamp	SK	aTSA CA Disig
5ea9856907868c43c32df58791416e738528ac49f00e1c8b3d4bfa62148612fb	timestamp	NL	tsaeursa1.digicert.eu
5f2f08f9269e5ed299e3d8a2aac10863ce0476fa2b147c95ee23b36d0d39a355	timestamp	IT	Consiglio Nazionale del Notariato Time Stamping Authority CA Qualificata 2024
5f40def90fd8b098fbbace1d2ac1d06f65f04e8f885cefb615843ba126932b08	timestamp	DE	exceet trustcenter CA2
5fe5a5d1c062f8c7c53deeb6f6a7e5b9da19a08832f3491873817a54d28c601e	timestamp	SK	TSA Disig aTSU 2
601211c276b5f4afc14489434a0961dcc55b0533d66e0afca39aadce1dd6fdf5	timestamp	CZ	SSSVD TSU0901 06/2025
60400233bdb6452d225049bc1effc4c287e185ce2bbc1921fdf44d2d4190488f	timestamp	HU	Qualified eIDAS e-Szigno TSA 2019 03
607593848eee013035075b6fd03696cef40fc25da8f1c834dd92611e862aefff	timestamp	RO	certSIGN Time Stamping Authority 2
6135dd014bbed0012b673bc117b284b24e98d7dce57a127a70a2909559ac0352	timestamp	SK	TSA mil
614a7aed6dc2bb22c79c86f95306e502e98a7d69bee59cd9b2ed50257c0a184e	timestamp	CZ	SZR TSU0031 04/2022
6150e4d40dde8b026d34870c47bb2dabb4efbb3ffe641168fe08724fe74066e2	timestamp	CZ	PostSignum TSA - TSU 7
61726c187889a606dda86821a1faf3c5ff5f4a116254a2325893655c7e45f64f	timestamp	BE	Timestamp Unit 202301
617df207c51979d14eb35e05afe7530c3002909cf1fd333f70ffc189df1bc662	timestamp	EL	APED Qualified Timestamping Issuing CA
61f600aaf878fac59d6e7357ef5d92bf8d766915f8989a2f8512f6f094bda48a	timestamp	CZ	SSSVD TSU0043 12/2024
622fcb2560d6823b851cb792a783b7da87f1f2a90e84fd74342b29db3e617242	timestamp	CZ	SSSVD TSU0021 04/2026
624087d340ae30ceed5143452f85f58dfadd1e3e44ba9674ed465fe71b029d1f	timestamp	CZ	PostSignum TSA - TSU 4
625491a90077163b114cffe659070b823ab73ba6267bdd025393fc2bb2dc43ae	timestamp	CZ	PostSignum TSA - TSU 6
626c1ae2fbc293692d2e6fb133f4bbf0280221363f1a48b5214caf468a58855b	timestamp	CZ	Komerční banka TSA TSU02
626cc57db463563003a428f6a84e381877638482dc823fb44f53f6495d4f066d	timestamp	ES	RUBRICAE QUALIFIED TSU01
6284a03bafae861a30e3a25a030428306f7eb52bd0ba577a1d962a809a830c9e	timestamp	HU	NetLock Minősített Eat. (Class Q Legal) Tanúsítványkiadó
62d1da611bbd125b16d847aa88930076faa33ac4c04d6889d4d03eb78881ccf6	timestamp	CZ	SZR TSU0061 05/2022
6348450eab092e4f83a8efe2614f3075a708d86d84bd23fff167be1f9488ad84	timestamp	SK	TSA Disig TSU 2
637fb855111f1c24e78963ae99954336dbbafafe8a99d71b041c3d0c561838da	timestamp	CZ	PostSignum TSA - TSU 4
63b37b6560c9aaf723755ccea7c4ea9432ddb7a506f34dc61443453bb292d84a	timestamp	EE	SK TIMESTAMPING UNIT 2024R
640fe04fa8d95df13c64340e89a6b23b6ed8d04d3318e3852359ce8935864d20	timestamp	SK	I.CA - Time Stamping Authority, TSS/TSU 4, 11/2013
6455c6ae6e503444e443e1802138543fa0d1f42f38e4bcc6c096c39279630659	timestamp	SK	tsa.mil.sk
6457b3bf3617b4a6c1c6369102d68e7445d8bb587d359391e0bcc2921194224a	timestamp	SK	TSA CA Disig
64def3c8bd71f8eefec72993623b67a34f3aaf36e9e67af7e5e74c1157ffcfa7	timestamp	SK	TSA Disig aTSU 1
64e5eebe70c93302f0debfb846d4e5302c041b99daf46aeedbbc28ce02057c18	timestamp	HU	Qualified e-Szigno TSA 2015 07
6561fa2ffa32d29c008333a568286880d5f73713e4500342a61892a38ac9299d	timestamp	SK	TSA Disig aTSU 2
65758fbc4870134eb85002fac7f0aa6be941d77cd8b797a371f6c8d4396f053e	timestamp	CZ	SSSVD TSU0021 11/2023
6575c65874c1169fe0207f153b6c82c8b1cd367036ebbe936db9eba7b067d970	timestamp	CZ	SZR TSU0902 08/2023
658d08bb3bfce191aea27d4cc5356ccb68f18576464d2864fe31a75ead3fedef	timestamp	CZ,SK	I.CA Time Stamping Authority TSS/TSU 6 09/2016
65f13e102ac8b8748f0c356b238dfe6309b51ea07f57574aaa77f59f8fb4ddae	timestamp	ES	CONSORCI AOC Q TSU 2024
66217495eb120aa05e16b3b6911727ae78cee684b013e81d9c05680e812fdc31	timestamp	FR	CERTINOMIS_UNITE_HORODATAGE_81610_0050000560
667885cab2798e95ddfbeaf686402be760fa8c621725b773efa7f227a2dce66d	timestamp	CZ	I.CA Time Stamping Authority TSU22 09/2025
668eb2a63bcd122f2d2b6727e29a9afea1154991a30e6fcb8bc88e2108b18d09	timestamp	CZ	SZR TSU0012 05/2022
66d8443f6c251e6fd88078797cbd289dcc5288438c9206bc780539c4511b85c4	timestamp	CZ	I.CA Time Stamping Authority TSU23 10/2024
66f9e1738162ff3952bbcb1e1a946fa14d54a28a659aab2e83d1769f2645dd72	timestamp	PL	EuroCert QTSA
673be8a1da927db63ccab7cb3e7ac352dc3aeb6a8da3e2a359ca158d0a440db8	timestamp	PL	Certum QTST 2017
677c8f5f17696dcc96f592c8b02eb50ae21a7a1c970997d4a7feb93d094e9957	timestamp	ES	ACCV ECC1 TSA
6798fce8f5dc521a902eca57e5bab2e21df5857cdbac1aebbb102bdd7ddf610e	timestamp	CZ	SSSVD TSU0902 09/2024
6899a24ac929358e404cab5ec74ae4ffd11dd3fa5c0614683d395c54dbe6f3f9	timestamp	DE	D-TRUST CA 1-21-3 2021
68b261a3c045f2e0dbcfcaa33a1fa43ce8bac65a1d983808c19d8d83e40a6ef7	timestamp	CZ	SZR TSU0032 03/2020
68b7f3bca7a8e8765a3e98b562b9103235c4da13cb10197ab86adc081ffdb576	timestamp	IT	Poste Italiane Time Stamping Authority
6911b3a89c66b1ab854b9158702384f8fc64ac068ac81467399d342f9cbfb299	timestamp	FR	MINISTERE DE L INTERIEUR-HORODATAGE-MI-20
691921a2eda45cb6558365a82e7f9ac6be2e560c29475fb7a548ce48eb67462d	timestamp	SK	TSA Disig TSU 3
693c1f984d2ec3c59991d0417f412b0f69c2aae06189b035ed183cdd07d3a596	timestamp	CZ	SZR TSU0092 10/2020
696162ac669400d24d7c9de14382ce7947b9c1fa473ad1b054397e57e817f1a6	timestamp	SK	TSA Disig aTSU 1
69aa82899f2a3c93930ad948eba8cc532cccc934c4e73b0b65ffde5c17c32171	timestamp	CZ	SZR TSU0132 03/2023
69b7468bd75e3218844b021783352c5aca276c8439ab45313d7fb9c4f7e590a7	timestamp	CZ	SSSVD TSU0043 10/2025
6a1664aa089e2b723d5de9e33f7ebaaaf51fdccbacfa11a18b38dfc47174bd2a	timestamp	CZ	SZR TSU0061 09/2019
6a630d5cf0788cd3a6c050ad01f39acae6e9ddd3c150017f2d7fc4b01df76a09	timestamp	SK	I.CA - Time Stamping Authority, TSS/TSU 1, 11/2013
6b0bf82c27343a8ac1eecc7a720922505f3f77ab8b205e8fcefd3e855fdd3c02	timestamp	SK	aTSA CA Disig
6b0dff074db8bba4253fdd4bcac5e3448ed2069c8c966677a5088b5ae474acde	timestamp	CZ	SSSVD TSU0072 02/2026
6b1723b1581d0f1da3bd64d68f0aa563d64a38de9b1c36ee99c3f8d2587913ae	timestamp	CZ	SSSVD TSU0142 02/2026
6bf30a94df57c665d291ad7e3c09300d06c7c7cb972758b18558ccd45b2767b7	timestamp	IE	Entaksi Qualified Time-stamps CA G1
6c17a05f0c77b96ab039a3f85058731eeb02f52fb66d87d19b93d2278d826499	timestamp	ES	CIPSC - v3.1 - Emisor de sellos electronicos cualificados de tiempo de 2048
6c61dac3a2def031506be036d2a6fe401994fbd13df9c8d466599274c446ec98	timestamp	HU	NetLock Arany (Class Gold) Főtanúsítvány
6c7495f6f49f6cf9b6351aa61ec20516fd3d26cbd978840c21ad10e3bbccc9f1	timestamp	FR	DHIMYOTIS - TSU21
6c7fe8f1ae65596e24e4d8f64cdff899ccc8e54522446f28b7cae5a4a89472c3	timestamp	CZ	SZR TSU0102 06/2022
6c8732fb662e1083510d644a26a3750354046d97b8707edd5ef9be334f80eea0	timestamp	SK	TSAext
6cce4e8afffd49eaf5b95791d9e9eab37b1fdf25e5c6617cfcac23e64d0e60af	timestamp	DE	D-TRUST TSU 16 2023
6d01cb6c48fc70a5ba7380237a9473b3f09eb6c79528473b00b81bea07d06d58	timestamp	CZ	SSSVD TSU0021 05/2025
6d052cea4fa12dbd9648d7a5d3b20cb2c6c04de52951a2be8f1f5de58a7bd9c0	timestamp	IT	InfoCamere Qualified Time Stamping Authority
6d28eae592e621e04e866b9023fb0e0ff50fd2609517fc559bf573470de2eee5	timestamp	FR	PRD2 melptct115 BPCE IT-SERVICE HORODATAGE
6d41a2b46463deca0a2eff275a498acba4228d1eedd534f04a2cd60a5c8bab78	timestamp	BE	ZetesConfidens EC Qualified TSU11
6d446df2cb72125fb4d380cf955d696f69c2c98a7668efb5e67b2d863fe73267	timestamp	CZ	SSSVD TSU0052 12/2025
6d9cbca0b217e49912197fed1b71d012eadb1566d481e601932bc7c26670a5b9	timestamp	CZ	I.CA Time Stamping Authority TSU24 10/2024
6dd3130bf45516322f4ae37a7312c8573f0eeea5b73d1340f32cdb40c929e67e	timestamp	CZ	PostSignum TSA - TSU 6
6e0baa5c5e92b461c528cd7cc28668b04f01c41e13e09135d544506c362a4904	timestamp	SK	TSA ext
6e2ca43c479bb9fe0e2d6e6ca3cfee399a4e247f57e8988e70fac50258c850d6	timestamp	SK	Time Stamp Authority 2
6e7bca253b8f91625e75bb221432b64eda5007ecf7b05fe44b5d50642269ae8c	timestamp	CZ	SSSVD TSU0201 07/2024
6ed13d78fa958cdf58cbc4d489fbb900f96ff2daeef9fcd0366021571587784e	timestamp	CZ	I.CA Time Stamping Authority TSU26 01/2026
6ed67d07143877ad866cd261c7684e4283ddb833061c60516835f21d74227bb5	timestamp	FR	REALTS 2029
6f0528b4eb5c63afb2d73426a1e69a1c3e49c809ce12bcb48f3d2e82fa496f89	timestamp	CZ	PostSignum TSA - TSU 4
6f16193f7b3325ec429c2f60a97317107e2d0c865debfc05dc85f396c2e786c5	timestamp	ES	ESFIRMA TSA - QTSU 2025
6f22f1366f95acc4bcdfcba40eca265b4b9a1852089a090ad0855c766868fbc7	timestamp	CZ	SSSVD TSU0092 11/2023
6fa6eed05a644a41f8bfce326143e899f3356b3aede04cc88525d8cad48c61d4	timestamp	CZ	PostSignum TSA - TSU 3
6fb1313b11e05e6dad36e6ddfba4041a2ac426f8fd72bbcee9a6b94d3417660e	timestamp	DE	DGN TSS Signer 46:PN
6fe9145f893bb60e2e63ff3dce27164a01d5c1d0cff2b2f2de0bec49a79c61af	timestamp	CZ	I.CA Time Stamping Authority TSU25 01/2026
7012a0a027179b4a9ece2fc3dd03ff746c05a3b290ee2791d138d1c390dd40d4	timestamp	HU	Qualified eIDAS e-Szigno TSA 2017 01
70450c8241111e1812f47e73f30be014ced9f22d19a2f7d4e1535cb2ac2a9efe	timestamp	CZ	SSSVD TSU0042 06/2025
7061790718479f3d134984d6c6281bc854d56b9505acae77eb3f4021c6490021	timestamp	HU	Qualified e-Szigno TSA 2015 08
7077fd1558c672b89145dc29a63c415864e950a902f21436e9ab07c9a50dc4c5	timestamp	CZ	I.CA Time Stamping Authority TSU4 03/2026
70cc668ad4382ca95e9b321f50694a1881635027cd38723c08941230574858d1	timestamp	HU	GovCA Minősített Időbélyegző Tanúsítványkiadó
7107288745db43979ff7f574ab94661d60656ffd2497bf992c2cd1df35d11950	timestamp	SK	aTSA CA Disig QCA
711a7a58d299eaed595ce97b95ad4029850626d1c1c0a97274a26c1a561775c0	timestamp	CZ	SSSVD TSU0022 05/2025
721e1f16055418742a1934130257cfde86baab0d564659cc19b6abb669ee1293	timestamp	ES	VIAFIRMA TSA 006
729571ed93fb3315175af73211a1a09f07de300b1a2a8722bba9bca24dd84136	timestamp	DE	DGN TSS Signer 9:PN
731bad701b9aa9cbac16158cf481d8ec1fae268849d96b83e05fac267e26aa96	timestamp	CZ	SSSVD TSU0152 06/2025
735dc4877c54ba904faa2459f0f43c5dfb4c87dcb17c2fbeadb3567b1f0bb277	timestamp	CZ	SZR TSU0071 09/2019
73808fe2bc334f9d0f4b65708df006ef6631c51026e7182ec6ffe0b7012a8114	timestamp	HU	TSU13 2021
73bdd8af092d3878ecae96f44f0e1b60eff818de45094b68433cc891145554f8	timestamp	CZ	SZR TSU0061 09/2021
73cf3e0bb8696a51ec0a0047a8275fcb7d978faa4a4fcecadf971f0ec06fc680	timestamp	CZ	SSSVD TSU0051 08/2024
73ea9edfe35cfdddb9f65226c0501b65a675e5668bdc9736b3d34b205778b51b	timestamp	HU	Qualified e-Szigno TSA 2016 01
740f8e39003eaaa02242c32e9a424512f63fba40fc1bc8e52a0188cdc496fe62	timestamp	SK	TSA Disig TSU 2
74abe5e5cceb75491ff72c4cf325405d8adbfe390e189cf430ba60e62798878e	timestamp	BE	GlobalSign Qualified Time Stamping CA 2019
74f57ba39e5b9f9fde2a68dcb9cfdda91690cfa3cf3fcd2c6933c1ca1ae01d67	timestamp	SK	TSA Disig aTSU 1
75163d7e94a08ba5c359f6f93811a7eec8cdf4bc7da931498ddc11d65ae763cc	timestamp	DE	DGN TSS Signer 26:PN
75343ad2bd31afd4e85f089442a3989e9d514ad4e38fd02496e9fafcade1066d	timestamp	CZ	PostSignum TSA - TSU 3
75692e8ff04d5f3cfe5a78411890f4c36d5701515601abe3318ee54e85e42ff4	timestamp	CZ	SZR TSU0062 03/2023
756bb213eaa80ba4e840698579483d88ce9e80272663895de1c98752f3c33847	timestamp	CZ	SZR TSU0112 08/2022
756d01bc1492536ef70cfe2a9e770ff793bd98de08ddd495c878367351db31ef	timestamp	CZ	Komerční banka TSA TSU02
757861f845f2f3e4b187840f2c7902ea7637d770b1b085be84135a5ad01cc26c	timestamp	CZ	SZR TSU0092 02/2023
75b002a7eb39051a346d1edce9112797f2258d25875a5f341ff3bf284b0a49b6	timestamp	DE	BNotK TSA Signer 2019
75b14d4d63806f30f538060f2eb65c1365bfc0cd7f3ecdc6c0070218b6e46759	timestamp	ES	AC Firmaprofesional - Timestamp 2021
75e0cbe3bafe4590cb0480e6c0c4d05341be64f1ed2ab1cf01e486f6aa2f35d6	timestamp	DE	DGN TSS Signer 10:PN
760b1669d826ca7d79f77bfa0c9891acc0f696420f814318ce56c5358155f8b8	timestamp	FR	MailStone-TimeStamp Unit1.1
7649eee116fc1af4563febbdf39b3bcedf74b6319c22727c9bc6cc7166ee4988	timestamp	CZ	SZR TSU0101 06/2020
766f0208e0ca9dc50c749990c2dc70fbda899d0fa0983836383826f3f3211fdd	timestamp	CZ	SZR TSU0061 08/2020
76c5efb4ecebd54ff3235b9354e67ecd0bd03b5b16790a82479d5ebbed7a4b16	timestamp	CZ	SSSVD TSU0132 04/2026
774d4f8ed7080cc59e3cd1daf3fdcb10b52701fa0c46abf3611ae25ea800077f	timestamp	DE	Utimaco qualified TSA CA2
7769e37ed33c94077e9523dffc587f3ec6d4a4a525d73a5e3806176488806119	timestamp	SK	TSA Disig TSU 2
7798f82f95b02177f6d34c75e5e94d80953cc20b925979df26d3333001804e95	timestamp	LT	RCSC TSA3
77a6d43d9ca440c37602198624e1395852ed42f8be991db06457600aed3b04c0	timestamp	CZ	Komerční banka TSA TSU01
77b1b72e3720a01f32b02b97b331c344946937efaba32b822735f84e471ca4b9	timestamp	PL	Certum QTSA G3 R35
77b8f4fa24320eabc0fbd14af7b55cc78955fa82ef9436b5eda4af3fbe4dcdc6	timestamp	ES	EADT QTSU 2023 RSA 4096 QSCD ENS alto
77dcb18d3c990e5425b5bde20d6f2f3b4e5393a27c0a7a7b0f4f32918f175b92	timestamp	CZ	PostSignum TSA - TSU 3
7822ffd855455e28d19d277201eb6d2f4a5cae402c9d71b15872c621cd704d34	timestamp	HU	Qualified eIDAS e-Szigno TSA 2024 01
783b8aa0d088efa682c74abf6307bc4a54cd02da656aad1f815acaef4864c5e0	timestamp	SK	TSA Disig TSU 2
785b5b2f88b246aee838e0acc096ddf9125379cdd7c34d78dd0019cc70f79dad	timestamp	RO	AlfaSign Time Stamping Authority
78cf4e01a547d16a74bc32a396c1af9be42d4ba05b75915133ee3c282535571e	timestamp	SK	TSA Disig TSU 3
78e7c70d2fad2c3e3f0d45b35e4b8592faf91be475ed842abe4caa37b72c0ee2	timestamp	IT	IN.TE.S.A. QUALIFIED TSA
794ce6b6ca1a88b702406d89c5d84a436f77315db88ebdd26fb05a32bff3ef26	timestamp	IT	Actalis TSA 1 EIDAS
796bcaf88880faf93fb1df250b82363a632467b265c889dd714f5e5ad575524f	timestamp	FR	PRD1 melptct099 BPCE IT-SERVICE HORODATAGE
798a4bb7b8f6265a9f6cba09fbc864f7bfffcfa5ea6a3128e5e2a1c710720e92	timestamp	DE	DGN TSS Signer 50:PN
79bb2049b463eb8e3dae511ea645c7795cfb27d1a3d142f46aa8d1edb7eed603	timestamp	CZ	SSSVD TSU0091 08/2024
7a871b4729927bdba181225e11e56e46cc31cae73855759e2d5e86a04ede1570	timestamp	CZ	I.CA Time Stamping Authority TSU1 10/2024
7a9438382d3ae4fc64a08d4b053d279b1ee30adbdac34ddc4790d64a93dead76	timestamp	NO	signicat-p-tsa
7aa22489976501db56c99b514f0156c78361fdba8e93bfe36e127b78047be81c	timestamp	DE	DGN TSS Signer 2:PN
7ad5b3e1d0b0bd59818a5628ba625a498260d2302e40610b8803c6b38139c679	timestamp	CZ	SSSVD TSU0071 12/2023
7aea5c1806f43afd6326c6f9c2612d7ff459213d5645fb738e85db601757d415	timestamp	CZ	SSSVD TSU0012 04/2025
7b46da89f85bd2a6921e5b206a7218f21ba9e4b0007b093ea426f531a91df70d	timestamp	SK	TSA Disig aTSU 1
7b8cad341d07e934d0648ec7f4745f5cfe89e0199c3a9908efa1153d4983ceed	timestamp	CZ	SZR TSU0141 03/2022
7bdaab0ff22d601bd610f5dae7820d7d6016f797e1bbda10ee49ee2d46c00fef	timestamp	CZ	PostSignum TSA - TSU 6
7bf25ec8ad319ab71d4922fbce29d02e542ddcfd650f41a5411902d55603d9fc	timestamp	HU	Qualified e-Szigno TSA 2015 05
7c4288c92c339f05da59f927448bab9d7cd4592599a8e057cd09064474bfc41e	timestamp	IT	InfoCert Time Stamping Authority EC 4
7c7a03db61c4ff243d641aa63a8365f48c5233f4441876b31f021dcd9cb84c8b	timestamp	CZ	I.CA Time Stamping Authority TSU 4 07/2020
7c8dcc8a834827eb4bf00b3d9b7fbf36c3113fe972f24572292202f0a4828543	timestamp	CZ	PostSignum TSA - TSU 6
7cf237f32337c2b691b57388efed1b3534e37d9463864958a84235087d111ff0	timestamp	PL	CUZ Sigillum - QTSA1
7d28b8c7965d8734e35a7491409a271d09fa32a151272ca9bcfc4e73e1e2beb9	timestamp	DE	DGN TSS Signer 14:PN
7d5ed572d08b85bbb6896238be1eafc7deb6225557ecda87dad316956b36e09d	timestamp	BE	ZetesConfidens RSA Qualified TSU10
7dad3d226f7e6c55f0975863b620a4c3fe2af2153b39265190904350d3f69da4	timestamp	CZ	SSSVD TSU0072 09/2024
7daeaa330bfb8250ab1fbaf7c9aa771546996a0a85db0d1678b1566f25840749	timestamp	HR	AKD QTSA 2023 1
7db6d1efc3c4caad8f3355ee505d62ad9d7ab878774b2c647c26d36877f26678	timestamp	CZ	SSSVD TSU0142 11/2023
7de7dddd10ade10f0e4ef8ca986474eeb75c4a7a04b3add8ebd6f9f559c0ae61	timestamp	CZ	SZR TSU0042 09/2020
7e86ea68cf7764f09ea0269b2eb008564433bfbe32785a7588a3a3e73db96915	timestamp	CZ	SZR TSU0012 05/2021
7e974ff9ad28249000e40540f5a63694c055e90244741b7f12d6a173516f0ad1	timestamp	CZ	SZR TSU0072 03/2023
7eb6cd41e699dcf153d7da4337830c6e26cf90abfd662843f1384698e8bf5f16	timestamp	CZ	PostSignum TSA - TSU 6
7ebb5a5155a81ced82f615cd146d5fbcec162f4206948d9a47d2521b81e6149d	timestamp	IT	Notartel Qualified TimeStamp CA 2021
7effc0e19d1f258c64a2deb04fdf91714025f468b19441d6d3a93da4cf8c7391	timestamp	ES	inDenova TSA 003
7f05138f19918e6f38d28675a1e9c1d5a2a5e95d131b4732d23121cab625055d	timestamp	ES	CA Vintegris TSA2 TrustServices
7f23a71cc6799c35decc67312394b62b1ed49d232783cb3373e7cfff8c721613	timestamp	SK	TSA CA Disig
7f58dd9017c731c1ebcd031fce92ad1952dc86a1af8d7d6956ebf1f277335b7f	timestamp	BE	ZetesConfidens EC Qualified TSU18
7fa17f2e64ddbcacf7e7ed803d98820765a5b57ea4e5070e47536abd357cd9ed	timestamp	CZ	PostSignum TSA - TSU 1
7faad54a08458abe6febd258b6a1fccab57a163f76cbebfded751764f8865335	timestamp	SK	Time Stamp Authority 5
7faf3887452e41c07b011f915dd4d198c1df02b989f0f7a55f88c38cc6863a84	timestamp	CZ	I.CA Time Stamping Authority TSU 3 07/2020
7ff867d17b714d7c030c9e55c819bba4069ccf0ecd59694036d4087cecada7cc	timestamp	SK	TSA Disig aTSU 2
801e3daf26c6286f22de6f065b45d472bb5e176490c02f4f8bfbc5f35b639ef1	timestamp	SK	TSA Disig TSU 3
81489dbd8026b01dc4e1c0b5be2be181e0329c5cccede768bd077361330a44df	timestamp	NO	signicat-p-tsa
8151a55e4f08fd777d23960e62f9a8910044c4b37beb49ab982f38e314a0b1e6	timestamp	CZ	I.CA Time Stamping Authority TSU3 03/2026
8151cfa55d5669890587de6d59c0c7511671d0db980b929978fda365f5e5b33e	timestamp	CZ	SZR TSU0072 05/2022
81a57d5d225a38e05c9c72667a0d2dc95789e990b947650a27b7f4caced915fa	timestamp	SI	SI-TSA-1
81b9df6f9fb41d0915f949cf165c62bb59054d04f0015ff8755bb45aa3fbdd33	timestamp	SK	TSA Disig TSU 1
827a5f520290bdd24d21f66039306a749f235a1cb7af9473b3a14fb1d41c65ce	timestamp	SK	TSA Disig TSU 3
834d707d6feda8aa088ec0b8f949e058cad1f79b092efa0c0df9186384c656cd	timestamp	CZ	SZR TSU0041 08/2022
837d360353c74b229fd92f6349c696b8d3e0310ab267d25e932522941cf3b645	timestamp	FR	prd3 melptct133 BPCE IT-SERVICE HORODATAGE
83e5a4e72196430d0243cf60684ad40c6c154ffd86dac241d6ddd8554ed36523	timestamp	NL	tsaeuecc1.quovadisglobal.com
84029d662ef5f6750de73d5782c9d3df6300a7d656c223c2acbd938f76fc4915	timestamp	NL	tsaeursa2.digicert.eu
8407b5e23e0b80e8cb88e0cb4efae1bd7ec79e66d245b601d5bb6d16f601bf01	timestamp	CZ	SZR TSU0042 07/2023
840ba09ef71b005a212cd73333e4bc48c5063a5ba530663e5c9b8a4fc4fb2335	timestamp	FR	CERTINOMIS_UNITE_HORODATAGE_81610_0050000585
840de0fa36df2c715e7459ef854e5c6ae32d73081a31dead6a6d48a6a060accb	timestamp	AT	a-sign-premium-timestamping-09
841ad3b982704a5aebd7ec736f82c622e38e6aa2f066b4d985c3742f1487badf	timestamp	CZ	I.CA Time Stamping Authority TSU 4 06/2021
841f86a4a640ee921af2886b223578eb5a17be67dce4d9224c9faf1d566db1f6	timestamp	CZ	I.CA Time Stamping Authority TSU5 10/2024
8474513f02221abda47cc3fda9314ccfde0af281bb45daa781cccde7f4524c53	timestamp	HU	e-Szigno RSA Qualified QCP CA 2025
84e0293ac6de1c3cd1b420a3c8453d279d2927503c326459583517d35d9aa645	timestamp	EE	SK TIMESTAMPING UNIT 2024E
84e8853995598db15aacd774a8552a43a2642c7bd939f2a973bf1ac3e7f4854e	timestamp	FR	prd5 melptct080 BPCE IT-SERVICE HORODATAGE
8663b5088971025f29df0cb371a8aad65a6387ba94e26805f270bc712d881dae	timestamp	HU	Qualified e-Szigno TSA 2012 02
869042f985c670616a0380c9ab9529a801c5f431b10f3ab52033fbd139d75b85	timestamp	SK	TSA Disig aTSU 2
86d87d246453a3edce59be8e9c679d5fc0d30d247cb57666efb4ec59d31691eb	timestamp	EE	SK TIMESTAMPING UNIT 2026E
86daf13d46bb5acf757d10a6e0d2b7be0c0be9bf49296e88684f1ee835737842	timestamp	RO	ZIPPER TSU 2026 A
86e0e8686e6498fb798bd46d4c945c1ffe0f3bf7e749b32bf4bc354d3149d9e6	timestamp	CZ	SSSVD TSU0091 11/2023
86e1f63ce311d66e42a61fb5ae8aec7be7afbb1acd64dff12e34fd4464a091b7	timestamp	FR	PRD2 melptct116 BPCE IT-SERVICE HORODATAGE
8713eacff3ff563521c6175ff603495044ff3a9610a77768d4eaf31568818432	timestamp	CZ	SZR TSU0131 06/2022
8721f3b625395d806bbcb01d5b7672c83042f9069d91eb243d0f7539999f6183	timestamp	CZ	I.CA Time Stamping Authority TSU 3 03/2022
873e5700d4a84fc0f940db0ebb6c16f7b4f65577a6b907468440ff90e803a992	timestamp	CZ,SK	I.CA Time Stamping Authority TSS/TSU 4 02/2017
8751fca3d49938f02aaea3d69983adf3d9f324447b4c00b817c3900198c0fbfd	timestamp	BE	Timestamp Unit
87b0c8f10eb4e335d030ce0f4cdfc9abf91a22100f865888a00cbd5f6f9ac148	timestamp	DE	DGN TSS Signer 45:PN
87eb96ebdcfff4325eba52f2c40800291c14b2a117b3a3dd0f1bf3a9608f5669	timestamp	IT	Zucchetti Qualified Time Stamping Authority
882801611e837f37c5cc6bfc8942378e7d009b33ad5d14a74152269d72972c8c	timestamp	CZ	TSU3.15
88d1b40f6e9ad12f982d477ea254aca9d970d68fcaf960a897c0975ffdd94b2b	timestamp	BE	ZetesConfidens EC Qualified TSU17
8956cf98042e887e4204f5dabeae8f01ae71b05f881bbf6b783c956d09c30b4a	timestamp	CZ	I.CA Time Stamping Authority TSU6 10/2024
8994cc4400299e707fb4dab0ec12c709608ad6919cf2c643bc687f80f7327897	timestamp	FR	PRD2 melptct117 BPCE IT-SERVICE HORODATAGE
89bf44879ed7b5118a9000e710982e536abaaabde4f934aadc676884c24ecde0	timestamp	ES	DEH QUALIFIED TSU01
89cc3103798913bc74bb2badd289643ffc00a3ee9619e2a95af246be7e07fd59	timestamp	LU	BE INVEST TIMESTAMP UNIT Q 4
8a034504ef484ecf488418388949f35facbb8539cd9e8f0d679da393d7c41c84	timestamp	CZ	SZR TSU0031 04/2021
8aaa0178ebec7e5b568a96eb0c5ab80323fde6d35008cadcf842c6cb860a3d9a	timestamp	CZ	SSSVD TSU0031 11/2023
8abe262701fe83db2088592eeeec6fc75c2495a66044d7c02301ca226c8320b9	timestamp	DE	SIGN8 TIMESTAMP CA 02
8b49a9c94deeeb649ac5711017eb619ad69c3803acd3632fc345ef03ec71cad3	timestamp	EL	Time-Stamping Unit 2020
8c3b84b6fd47c4a44fc75f3ee5a4f30d1d5831e2781c54e2e7cdf62d8a527885	timestamp	ES	DOCUTEN timestamping electronic certificate – TSU02
8cd2b6ccb2a74cfaa9c0204e1875d0cbbe0864144e8b674b9d80447eb1ea8bf1	timestamp	SK	TSA TSU03
8d3148352b726c6df3244fd2abddd7872c0079366f5329810733328d6dfd68e7	timestamp	CZ	I.CA Time Stamping Authority TSU5 03/2026
8d64df2d424a457312f71f4fcc1a44cd4fa6f6662fac0dc5763eaaeef763ac5d	timestamp	RO	certSIGN Time Stamping Authority 2
8daddef9102935a94033f935f2b8f035a168123b8ce0a7af9dab779344aaa4c3	timestamp	CZ	SZR TSU0062 05/2022
8e000705bce337216aeaa863509ff1a83bacd24fc9a1f34ae272062223889728	timestamp	CZ	SSSVD TSU0031 07/2024
8e72cb1603d56b41d1eb00245a32259508c44b1c6fe8c3897e1823ad845a89b0	timestamp	DE	DGN TSS Signer 23:PN
8eb05230e131ba538d91f6aaab66b2d8353a59cf1840ca7786059cdf9ebc4765	timestamp	HU	Qualified e-Szigno TSA 2014 09
8eee7a22508d369c03afe3788584ddea669e89f57e0e0c88e201bf6ae2a26443	timestamp	HU	Qualified eIDAS e-Szigno TSA 2017 02
8ef89e5c560e7ce39ba5ea9002517dd55a913e018969ae92362cc978752e1788	timestamp	CZ	SSSVD TSU0142 04/2025
8f23fd067b319fc5b56cc62e19d9ed31480ebb46104c8b6a1bb44bc754163a86	timestamp	CZ	SZR TSU0052 03/2023
8f592b4d93def75e81964165aaa1781c566be7562bad674444418316ea779fe5	timestamp	CZ	I.CA Time Stamping Authority TSU3 10/2024
8f839f6e882bfdf68c869920baf8558035e984fb0fd7381093e4b4dad073a021	timestamp	CZ	SSSVD TSU0202 06/2025
8fc65d988ed941670ea7f4fc465bf78ae4cea0878fd5974692378488cba8d844	timestamp	SK	TSA Disig aTSU 3
90508e0f4668590a89a2eea9ce24bd5345358b71ce2420764ff4f76f6f083091	timestamp	EL	HARICA Qualified Time-stamping Certificates ECC
908b388c9b05feee2cb842e5a0c685f3c01fd3af427d3ca2d7a7a9352ca62d2d	timestamp	HU	NETLOCK Trust Qualified TSA RSA 4096 CA
91320ed8fb991b23aba8b40862d23257998a77d54b3ceef67d6bb63c9584cb81	timestamp	SK	Time Stamp Authority 1
923ac5bc103255d698788a4ae5348fa4b1670affc0fc50e1776dd19f8e786d3c	timestamp	CZ	SZR TSU0101 06/2022
931ff557044c815ea0292b5b20829276c98905c13685eb887348b75b95881d54	timestamp	SK	Ardaco TSA
9339382c9a8716735a0fcaf4ea2d2cbd5e79f851ea695c0ebb1102938336d9c9	timestamp	FR	MINISTERE DE L INTERIEUR-HORODATAGE-MI-19
9353ff773866b6e4f238e96c6c6448ba50ec1ccb54a46822da4e51a0baae2483	timestamp	CZ	SSSVD TSU0081 04/2025
93595797eab380b24420c5d9cc286c82bada22c19a748536e8ad5093d7e02e53	timestamp	FR	MINISTERE DE L INTERIEUR-HORODATAGE-MI-17
938de9baeab22cc5fe3afd7c371f216540f60e8ce6a042a1029a92a002875c42	timestamp	FR	Yousign timestamp unit 7
93a3a101335fa7324b5711e923074713fbb2bb49b201f9f181db2a7956899e06	timestamp	SK	Time Stamp Authority 3
945522340e54b7f2226be9e6272f18d2c3d6eca5a579764518dac7b0e0883fc9	timestamp	AT	GLOBALTRUST 2015 QUALIFIED TIMESTAMP 1
949db7e1db0c6e51c6d917b56784d0e282d080d9bafc497ce8736be271c1230a	timestamp	HR	Fina QTSA 2017 9
94a918f4a7e7ab2fe19aab4567f60fca9645ffbf2ec529b31d07aaba4f3f9ebe	timestamp	CZ	SSSVD TSU0062 09/2024
94b064d3e8ac3f79cf61c7cf39bbb12deeb82c55d828c6d63b3feab813efca7c	timestamp	FR	prd4 melptct146 BPCE IT-SERVICE HORODATAGE
94f31d574255e48c6dc116c5a643b46196ffc4b290f9dd31864372b04d9ca1fa	timestamp	CZ	PostSignum TSA - TSU 5
950918cb160ca56d674809f34d007a54f50ebef842491be1da2fb40654ffeafc	timestamp	SK	TSA CA Disig
9509212401ad29fc0b0e58e57c1da701ef7956e827f70f7ac5c0a22bbbb38143	timestamp	CZ	SSSVD TSU0042 11/2023
95112f92d2363fbb6f1aebe49ecf5bc9f433e576558b63f5f5bad3d25839c4b7	timestamp	CZ	I.CA Time Stamping Authority TSU 24 11/2023
9514286a4af627c3eaf598b4cd8e50c69901e8aaa96213e8589275239cf1016e	timestamp	SK	aTSA CA Disig
95755d40ac282763db4d5be70e759fcc70097016c03318c41aa0442d2f2fc529	timestamp	ES	DEH QUALIFIED TSU02
959572ccc72680677be9e071ff8a1211a4390960999046857da4f2afeae9d0c9	timestamp	FR	CERTINOMIS_UNITE_HORODATAGE_81610_0040000120
9664d86ecff9f52e8ad47e0d5c6fb0e3e2c65dd76838e839fdcba9da799df53a	timestamp	CZ	SSSVD TSU0141 02/2026
967f50c6387250b128969bbb55ffec72f7c588c27075b2a0702068d5cc0b6c70	timestamp	LV	eParaksts TSA A 2023R
96a544750269fc402373b99305f93b11b81e333d4e4b882bd85347fada6cd340	timestamp	LT	BalTstamp QTSA TSU2
96bdc556e7ec5f770acc793d7830cd9e0d00a51fd2960927660e7eda468eeb91	timestamp	CZ	SSSVD TSU0011 04/2025
96fbc82e65b713137d405f040c6a629c6c303217be89c85d1b7143d59a5ea8ab	timestamp	HU	e-Szigno Qualified TSA 2020 01
979e4603da352fccc504c6f5086db2fa0ccd686ce1e9716d6d02872a6ae698d8	timestamp	PL	SZAFIR TSA
97ba20635eab08f649ba32f87fcf2e83d3c2c6151c69e4f496bbdd080e050652	timestamp	CZ	I.CA Time Stamping Authority TSU24 09/2025
9806bec45114081469bc41513b4d1680e003ffad9272c2502534da5248fcc949	timestamp	HU	Qualified e-Szigno TSA 2012 06
982658f5873dea777866d13572cd8aaa8f24814fd2a958d1af1f50b4cb37cb4b	timestamp	SK	Time Stamp Authority 6
98363f8520db8002339427ec9bcb94a365814e721880c86ccaa8856037ae181d	timestamp	CZ	SSSVD TSU0102 12/2023
984721239b82a5630cdeca98c0ad5b384ffb0e9dff6767a0390510982aaa1afb	timestamp	BE	GlobalSign Atlas R45 Qualified Timestamping CA 2024
988c30bf85e6e9c648c17f5ab3e9e022f57e5b59e789276f5c6beda55206a0bb	timestamp	CZ	PostSignum TSA - TSU 2
98b11436d42e91198d33be16fe0c8dd59a97309bc9a81defe00ec2d56247fe0c	timestamp	CZ	SZR TSU0082 11/2019
98b3e828309b93078404394e112786b041b089ce42af977e5067124aa39fa48b	timestamp	CZ	SSSVD TSU0032 11/2023
98c3ad4c1705141b11e4ab041966ef497831eaa360afaba9cabd9e823acd08d2	timestamp	BE	ZetesConfidens RSA Qualified TSU9
98f8f90e93416131e58c554977dabb84eebf0f3f32309c98bb94a02ad9ce5d12	timestamp	CZ	PostSignum TSA - TSU 4
991043d9fe43714cbc898f400ee873a6d3a9976f0cace62ef39f8b8eedb164e9	timestamp	SK	aTSA CA Disig
997dbf347ddd92c701068cd6e93d324daede31bc2708df70aaad2606a160d357	timestamp	SK	TSA Disig TSU 3
99ac36f4a5a6f496cdb848fe43c2c8e313ffd9e3f0cb5eb97f1fed012f793098	timestamp	CZ	SSSVD TSU0081 08/2024
99de9a7d99b8d2158a02a883e4d80b3498cc2c0d786dbdec6065cff9f3a5d582	timestamp	CZ	SZR TSU0051 09/2021
9a2451da060f0577b30df516ff6ee277406b3911d15bfc1a9cafc31c349ed864	timestamp	PL	CenCert QTSP TSA
9a31d1cf0f21dbd27b24a0cb7e837d2865097f11f98211aa22e9aa3e5dc0aff9	timestamp	DE	DGN TSS Signer 39:PN
9a5e2e9f5f4dd840214c0b4d83fb8b5a516c631a220bd4f503ecadf4a89cb7c2	timestamp	CZ	SSSVD TSU0131 07/2024
9a8a163af85d51bad6fe5017493850033e3b8cefd660439cab620825b548615a	timestamp	CZ	SSSVD TSU0201 06/2025
9b0bdce28df3ab672c8568235c28f386b07ff8411f8fbc2452157b46961cc47b	timestamp	ES	3G QUALIFIED TSU01
9c86bf31b8b4a5e7830c771c6e8ee81118c9192f8d7870d229f0732764b927d1	timestamp	SK	TSA Disig aTSU 3
9c9396ce777b29a8fdbdf313f73cd36a94fc746dc17f06182bda13ffb1af37d5	timestamp	CZ	SSSVD TSU0071 09/2024
9caa113f39e6cbddb345819cbb00e3e80ec86d1acafdd911721df75ca4f0c93b	timestamp	SK	TSA Disig aTSU 3
9cbdc870ba9f466350a425d4acbb6d6469ef3e00eeed8f8c758909285a0c84f2	timestamp	ES	BTP QUALIFIED TSU 02
9d2b152525b9137ae15a4eb180374478d17603da2b24009150efd7fa751da6e8	timestamp	NL	tsaeursa3.digicert.eu
9dca20c23d4a876db2368c42ea3c1432f06d999584219a68f9d6754884e0140f	timestamp	CZ	PostSignum TSA - TSU 1
9e0aa780f1f323a12382fac96499166fadbdf5e23d2d8f53c561290070b273ba	timestamp	IT	Postecom Time Stamping Authority
9e3d535ab43fd5346c1529c4310becad24572528aaf718512f0ff004c52fbbc8	timestamp	CZ	SSSVD TSU0132 07/2024
9e94bb8adad7a6ce4dcb1208f1239dc1e43483f1b7e81f74a90a20fb5e5c49b7	timestamp	HU	e-Szigno TSA CA 2017
9ea8df018310df46e5346ed156174f647d38cb1ae4778ec4e65b9ae7546a7298	timestamp	SK	TSA Disig aTSU 3
9ee5087ea9cc934e88c2905b584be0005c1dabfe851952e072561242011f762f	timestamp	HU	Qualified e-Szigno TSA 2014 01
9ef80fb3521d6edbcd614fcae512bcd644d85199af1b7beae0c70b5d4e42bff1	timestamp	CZ	SSSVD TSU0072 06/2025
9efdc3b4b2b70f0c573147f887eb01bf232991ff3ccb06f33fb91787411a8132	timestamp	CZ	SSSVD TSU0131 05/2025
9f9c4dc29b1bf225c2fa5ea3b14adf1a56311a709c1a317a11e4494423ff6493	timestamp	CZ	I.CA Time Stamping Authority TSU 3 07/2018
a000d86119d9e4598008dc95d9cfc587abe7b6c51e1c8160c908792944f3d211	timestamp	CZ	Komerční banka TSA TSU01
a0322c271801b5e0f133d395e4487807fbb8d0d6f37d453f4e1d355ae4ca78e2	timestamp	FR	CERTIGNA - TSU23
a0567aa42fbd35c9703f7deee655d12247ca4c4849b2dcf9d538167845fb5499	timestamp	LV	eParaksts TSA B 2023R
a1021dbd21e3dddcefd38dc93e7b2b74a4c43f5327c44e824d1b0c4ab687e10b	timestamp	HR	Zaba QTSA 2024
a10c5bd68c3703bad08a1d83a8e8d921c6ace6fe67aa7af604fbbd97bb3d1be6	timestamp	SK	TSA Disig TSU 3
a19fabf6c9a509ec08dd2ccb258a83c492dd610152a668ccada714b6f44eedfd	timestamp	CZ	TSU3.11
a2910a7c4157ce2606f72bb01ffefddf83ffe368983879fe0398bc83f6dc164e	timestamp	SK	Time Stamp Authority 2
a313a1fcd3e3e7fbefc2ab834d4dd9bc2d569a32975322a9418dc45964e0e25b	timestamp	CZ	I.CA Time Stamping Authority TSU4 09/2025
a3363321b938301f38a25e91361ddaf4e1e6c31fb9599f9676257b185c61b32f	timestamp	PT	Serviço de Validação Cronológica do Cartão de Cidadão 000008
a353f089efbae45a2b86938cfc209d1f49591f7f65872b3d0b7314740c34934d	timestamp	HU	Qualified eIDAS e-Szigno TSA 2020 02
a392e6b2e348ee55792da114b937f59c001fda145acb39402cdaeacbb9015b04	timestamp	SK	TSA CA Disig
a3976db9ee9555d25643199193cc4084f1cf1b0a00c3635e20f95b9ff7e703f0	timestamp	FR	PRD1 melptct098 BPCE IT-SERVICE HORODATAGE
a3ef389dca1a602a26d83b2af5d1c491dc745f6255757c678a098305744a82f7	timestamp	HR	Fina QTSA 2017 11
a3f662b019c75da7823ba5bf5feeb2ac77a9c204fd7ec64b2bf0159c578936a0	timestamp	ES	ESFIRMA TSA - QTSU 2023
a3f9281eb90065fc938a0cda47f548aa1832a24a4098fbdad664b92e49ab32a6	timestamp	DE	DGN TSS Signer 8:PN
a4093af0b3717e51658ac1ecdf923ce5f95cc724b9cda164b07aa0ea8d5abc57	timestamp	SK	TSA Disig aTSU 1
a436b763a0f94a0d4bf36cef6d1b59e9af63db50ec58c612090aa91442d20469	timestamp	SK	aTSA CA Disig
a43b5848bfc039d8b2b84bf51aaa85cddb4fe0350ab664463c4481995a623f34	timestamp	CZ	PostSignum TSA - TSU 6
a4527ba3cdb627494fac2f58069b37969a3219cf9154b324314a5c97701bdfbf	timestamp	BG	InfoNotary Qualified TimeStamping Service CA
a4707bfe798f42abf975f353c8fec0f04753f7c7e02011ce7e6792109fa1277c	timestamp	HU	Qualified e-Szigno TSA 2015 10
a49ac348ab13cf008f2a1d7e35eded4a9f60d5b40eb9c5026ca96d0416a70d1e	timestamp	SK	TSA Disig TSU 1
a4a0918f4660f657e81f93e3f07af7b6bb4c1d6c670430f0c0ac4ef652deede3	timestamp	CZ	PostSignum TSA - TSU 5
a4bca51ad32fc891f13a92ecc0509b1bc55abd8219085ff701f0fa14abc877b0	timestamp	LT	RCSC TSA3
a50b0a34be70fd134ff2f48e3d7f65517d46be2004cb7af0178ec204383eb524	timestamp	ES	CA Vintegris TSA1 TrustServices
a5704080aa69f4614b1b8772263f60cc8c3b03c6c1b2da01cec06a19138f5907	timestamp	CZ	SZR TSU0082 10/2022
a583768eb378141b52a7fff6ec49a11987a3ed250261ee64545e54392103f62e	timestamp	ES	CA Vintegris TSA4 TrustServices
a58c1c6e68390113abca6069b6bcf2965620ff40d771417f9d90988426750909	timestamp	EE	SK TIMESTAMPING UNIT 2025E
a6053ab7543af9fe8f2e555d16e9a9664ff6ddeb88d0a79fac501f7b1406c496	timestamp	HU	Qualified e-Szigno TSA 2010 05
a6aa31a7ea1d92285709331ef753a54eced2ad70cea0b8be27aa38513e093995	timestamp	CZ	SZR TSU0102 03/2023
a6d2c6558cd78693c88be8b7dfd41406701bb49bb9d3311f8369cc1d0af0e70d	timestamp	LT	RCSC TSA2
a73d6ec1ed28f41cce27a7314103ccdcd820541250ceab4eff7fc42ee28f525b	timestamp	HR	AKD QTSA 2025 1
a757d9cc0052722357432504c213b8fed69e55d81cf6d2d69cceabb5eee256e7	timestamp	CZ	SSSVD TSU0902 05/2026
a77fed8fb7ffe20a36e463bab13500ffbbba0cf75fd096722575bee6139a2b33	timestamp	PL	SZAFIR TSA
a7b674857f467c1f4b87b0afb97d41e279c526ea76db6220a194ea420102bb99	timestamp	HU	e-Szigno Qualified TSA 2019 02
a8340ed3247b9d16c26555af44935adb4b72c067b14d2b0007566dee0ba15f12	timestamp	CZ	SSSVD TSU0082 04/2025
a84ed2d68441b66b641f5a8acf45db141ad0de8de3a3ae218234d5a0af386afe	timestamp	CZ	SSSVD TSU0092 03/2026
a86fd9076b2bf3573a68cfdd2a6563c283fb20e48995a9c179a1ad4e832fc306	timestamp	CZ	SSSVD TSU0022 04/2026
a8affa6a9eb8933380367943af16a60c125d438531b11cf5d13a70846af243be	timestamp	SK	TSA Disig TSU 2
a8efab27c8d765cb67d874a0c328215c50d7271dbe9120a9f3471d3b74b7a313	timestamp	CZ	SZR TSU0041 07/2023
a91deac762c6bf57dd87861364ccf5a4b254ee938b1c71740ebe9cae78d4b2b4	timestamp	CZ	SSSVD TSU0141 11/2023
a952affb90dca8c1d9e95388f6906cf78513f580d433c9d51f5d0ad172d16c06	timestamp	CZ	SZR TSU0081 07/2019
a9fe74b3317a21d30c851be188562a14a9ed1250344cfe161cd3fdac9697803e	timestamp	CZ	SZR TSU0022 12/2019
aa01d51bedf3bf7a91346b1f94a3696993fdf966d5e61a13f8e7b33f9b23e6a3	timestamp	HU	Qualified e-Szigno TSA 2015 01
aa1f14d3b68215bb8b74d7627e506cb064efe255276d17942c4617c0527cca36	timestamp	FR	PRD1 melptct096 BPCE IT-SERVICE HORODATAGE
aa59fb3b381c947cbe225bd88ace7e0c19c5a448e43bbf7d30ea7dcdfb7e8670	timestamp	ES	Sello de tiempo electrónico de UANATACA – TSU02
aa9072f740d68f1e6ca5083da4744c26f20b313ab8eff224bd4c24569834e78e	timestamp	SK	Time Stamp Authority 3
aaaf80b7aac53e4d99935be64bbb04d267ec65bfc1c0f236d88c3278eb44b5ad	timestamp	CZ	SZR TSU0051 05/2022
aab52dee1a9808c55483dd8aa2583a98ed56c5b2de1fa7feac913c8350ed3441	timestamp	CZ	SZR TSU0021 07/2020
aabbb477cee67c4d6f82a870a9861c5ab5ed7075bedc08f28e20123889d06587	timestamp	CZ	SSSVD TSU0061 09/2024
aaccc22ee549c2a895010fd67fc125540e8952f88835999b47d70653b5dda984	timestamp	SK	TSA Disig aTSU 1
aae56129eda873264e2d81370bc8b13a1b6d006caac925169c3ec232014d726f	timestamp	CZ	SSSVD TSU0132 05/2025
ab73bcb7c09a07c6611a5cb16bb45b90944dd1678f9cd785b5d0edf3e73f5e86	timestamp	EL	Time-Stamping Unit 2017
ab804b5c08ca2730281c7d4e44f2c960d28a575641adfa9b18619bc38ae87a32	timestamp	SK	aTSA CA Disig QCA
ac3593840f21f63e9280d28f9afecae733d52c9c531b2ca9a009a9446c669209	timestamp	PL	CERTUM QTSA
aca2c11771a5fa92d8ffcf21316913c0f65441a1a600d21c83b836b19c416d58	timestamp	CZ	SSSVD TSU0102 05/2025
ace88b0fa7495eb699fe660b2afcb688a085e465ee7396dcb5c2ff4dc6519543	timestamp	CZ	PostSignum TSA - TSU 6
ad04a00c2601da19d36820cf50f64495e434b5e48717ef9ae6add260a3a3f00a	timestamp	CZ	I.CA Time Stamping Authority TSU23 09/2025
ad9b6f3a8e8840d337f7bafa2ff4ce58796da1be66d4857ad182e88667d08e75	timestamp	SK	aTSA CA Disig
af1fe66562a3a7ceb99a41e5b09b6dc46749036f641b2ded17fe4475f22be6c0	timestamp	EE	SK TIMESTAMPING AUTHORITY 2023
af9815e4b8b48d6aee791fbe234d4a8fc5b0830e2b75e2fca27599300439e7b0	timestamp	FR	Sunnyseal TSU02 Qualified eIDAS Timestamp
afaf385045e43468c350ae3525d0f90ce93ffe6875f262ad3710de17407ca0e1	timestamp	PL	EuroCert QTSA
afb4fda6fed56ef59a5d02186344948f07de8fdd20d8719bd54dd80e87c620b7	timestamp	SK	TSA CA Disig
afb6ff8a5892839789243920eb0d471f803ec94351e4b4c849fbaa05c4399699	timestamp	CZ	SSSVD TSU0041 09/2024
afbc8e2d546ca7499d8a8104a765b00d2a30f3b0275394d67a8d60c03d0163b5	timestamp	ES	ANF AC Qualified TSA
afc9145bc00d3dd31db2872b55329e495fb1da98c69508fd5958e005e1728d4e	timestamp	CZ	SSSVD TSU0011 11/2023
b002d61c6233443552d86f1cdf7b077e6ef2e6894ad056ae2e46e4d77978822a	timestamp	CZ	SSSVD TSU0062 12/2023
b00d91e3502efb64df494f57136ffe286a0ad85b5c73f02868e088819a6d284a	timestamp	SK	TSA Disig aTSU 3
b05645a75bcbec40ca80355ed10c50a9c86447b4f5e52bec7237210488e55959	timestamp	FR	prd5 melptct077 BPCE IT-SERVICE HORODATAGE
b0593d2a068699dc59e6677644e688c77ab693a74f16d7097d84d80e1aeeef37	timestamp	FR	prd5 melptct078 BPCE IT-SERVICE HORODATAGE
b0d1ccc9980176d5dd0c5209b659617adc0c466dd04a40057e8d679c30ceb15d	timestamp	CZ	SZR TSU0091 04/2022
b0e1316ab66547c3e793ec7894e0cd5ee7d54edb39f7b1c08338bef78feb23c1	timestamp	DE	DGN TSS Signer 6:PN
b10812c08178bf5acfc9325e51a211a1df454f9d2647d8df0f905351cdc57d95	timestamp	DK	IN Groupe Denmark TimeStamping Unit I
b12132328ec2d7c66f76bcc04fccf1bdffeca46114a0b6b960cb559de5e297ed	timestamp	SE	ZealiD TSA CA 2022
b143eaf69df2aaad0d627095fe6d9ee8e1e6907078d3a47466ab39c723e72bd6	timestamp	CZ	SSSVD TSU0141 08/2024
b18164c684b2d192c48aa1ce2a7d6afd9b85e8a0b5fbc236aaac24feece45d71	timestamp	CZ	PostSignum TSA - TSU 2
b221b47e3c5901f6a497ec1b2c8766e870707ce5fe223732aed48c64cdde6893	timestamp	PT	Serviço de Validação Cronológica do Cartão de Cidadão 000012
b2358cd3f72953e61eb7b9cbe346548573f94d18dbd116d71eae7b4327abc8d4	timestamp	RO	ZIPPER TSU 2024 ECC
b25a1925a235bc6466eed6d20552de1dd54864db096caa2ec5f4deab8ca3b721	timestamp	EL	BYTE Qualified Time Stamping
b2740a79bf937d83c3f2754808076ca36b2b98eedcf5fef1eea0bc25cad965ba	timestamp	FR	DARVA-TIMESTAMP2
b377e92aefea0680e7db074ec83eadf842663ddb866e653fc5ec9dc23972df08	timestamp	NL	tsaeuecc2.digicert.eu
b4215984e4c5099656ae7fb6626790cdb2e82f060216ee81b4ce9c7729f23425	timestamp	CZ	SSSVD TSU0012 11/2023
b441edd95e0bc52e1c9b4aeff273a16a53fd7bfa458f2c5a0506fd6767a57739	timestamp	FR	prd3 melptct130 BPCE IT-SERVICE HORODATAGE
b459a9ebc02dffa8491478aa2e64abcb9ba4f0f81284ec652379404cf7b39d87	timestamp	ES	Sello de tiempo electrónico de UANATACA - TSU01
b4ad98534bc2fd30da77a2d12aefeeac94e0747922ba42afa5dbadd9a7f513a6	timestamp	CZ	PostSignum TSA - TSU 3
b4b5b75b35d24ff76182228ec2dcf5740d6dd447507d875b31aba142906ee23a	timestamp	SK	tsa.mil.sk
b4c177e357565c99e90ed886d799f8c6beff806da5a048551878489b9c27e488	timestamp	HU	e-Szigno TSA CA 2020
b4ccb41e9e28a5c6ad1ceea54c194bd69f650f31b09ab25d2407779c9dd30024	timestamp	HU	Qualified e-Szigno TSA 2013 10
b4e56e8fb338df8b918f2e60f04b5c31d0788667f1815d317316c4bcb59b495c	timestamp	SK	TSA CA MOSR
b518647af0690a67e280d6d8db8698f1a3d415e3825ec30eebbadc60badeda11	timestamp	HR	AKD QTSA 2025 2
b560eadf63ca192c2c1ec961d1a748e2092a2b7597395755811dad7bcc8e11f4	timestamp	CZ	SZR TSU0132 06/2022
b59ce1d9612e4043a175cdd11715d99155cd9debae765cdcf918140d7c09c61c	timestamp	SK	NASES Time Stamp Authority 2
b59e211f31e084e369b6d936e606779b65213768d280029841744b20afefd816	timestamp	CZ	Komerční banka TSA TSU01
b5f0e3bbfca77b6ee9ab4b50a068cfa10f2e67ee66c5f8c345be4b8e30cd1285	timestamp	CZ	SSSVD TSU0041 11/2023
b6c1597c0e986c9b7fd167eb39045870597de537e0404c5de3796883f2d216aa	timestamp	HU	Qualified e-Szigno TSA 2013 01
b6e079f88fc3e362beaac2df1e10a4d650f300b7eca5dbe09924a0e86d4eb98c	timestamp	DE	DGN TSS Signer 25:PN
b6fd5ab79765692478209d521c1866ed90d8be26af6ac84d5904c6a92955054c	timestamp	CZ	SSSVD TSU0012 08/2024
b7472e67feb50fa894973ff48243ece2375032a588e56aa7eb4854f04576b7e7	timestamp	CZ	I.CA Time Stamping Authority TSU1 09/2025
b755b4e5c5043b4973de2a2544ce9684d95fe2e03ad026855d7f3d481683abce	timestamp	RO	ZIPPER TSA G1
b7ba59cf144e7f4a35575da80d7a319020553d2799f42f71a19a3fffb2fdafe8	timestamp	CZ	SSSVD TSU0041 04/2026
b84b181a6a67eb81f691a92c84193140bf76ae62a9f1436e6faed1259e5c4b00	timestamp	HU	Qualified e-Szigno TSA 2014 07
b8a06ecfd8408c6d24531d3cb5c7767a379298a1bac74f5bfc89743ae5bfbcf6	timestamp	IT	TI Trust Technologies eIDAS TSA
b8a62473287dd96a68b57ce0b4b2b4b4801e293ae00daf021ed1f05cf150400e	timestamp	CZ	PostSignum TSA - TSU 5
b96c1dbb9b72866489b0f0eb8dfb1d348e355847c9fbd54e2607e91d69615203	timestamp	PL	CUZ Sigillum - QTSA3
b9c424b2153edc6b70180085e6ccb900932b1cb858f1ad1bfb9d8a299923a43c	timestamp	CZ	I.CA Time Stamping Authority TSU6 03/2026
b9d20042822fe4f9b4b3b11c913640767c20561237fb7b216cdc2a4f64fda858	timestamp	DE	DGN TSS Signer 28:PN
ba552d19945f7fce2ce4dda5b353bb63cfdf83eb288dd9720468f4082f8a182a	timestamp	CZ	PostSignum TSA - TSU 2
ba5e277dfb17e409095d0919151fcaf88cf938c4adb1886351e6890d4c70b0b9	timestamp	CZ	SZR TSU0142 03/2022
ba6319c49b4480467424f399e38ada80b26dc9822bedbcce277224f745e20491	timestamp	NO	Signicat QTSA CC 2023 v1
ba7fc035e5d2e5874c6a65edfaadc6cc3931ae0214f60fccda3308ab1433741c	timestamp	ES	DIGITEL TS QUALIFIED TSU 01 G1
ba8bc9fb5b8faeba18505bebea12e0e053d77b37ad0bcd809dd8f54bfe7b119d	timestamp	CZ	SZR TSU0131 03/2023
ba92004e4ce676906f5c42dd6e241872849d017da66f84cb30483c1921ae6151	timestamp	CZ	SZR TSU0901 09/2020
baab494ebd06b343c43f34874069f6d5d661d97b63b4326fbf2cd86502492c31	timestamp	PT	DigitalSign Qualified TSA G1
bac55ecc36d21adb531e6aa82ded394b83aafff2fede5d97fe902042316b71ec	timestamp	LT	BalTstamp QTSA TSU1
bafb0d4e78346eecd0b1d4ce3a9ed8f6b788bc1fa4bd5f447da2cbb0a12d5ea9	timestamp	CZ	SZR TSU0142 02/2023
bb187149da3e74346c6796ee7dd6513d028bce0ba48946a5b2eb36362b2e3fa2	timestamp	DE	DGN TSS Signer 40:PN
bb4ffdb718bc70c96f57f4696a09fdc0566e8be414cdc0e42d11273fa929c1fb	timestamp	LT	RCSC TSA
bb6740d84120e2f42b38610f52d6342acedad403e70496be62b3173ab4ef674b	timestamp	CZ	SSSVD TSU0102 02/2026
bb8b237a05224f0e81042d50ad46fd0939b94352a81f11f027bd3b0086b81892	timestamp	DE	DGN TSS Signer 36:PN
bbce7037ab2da3ea1d7a2d954ae1cadea127db11400627ed671b89fc30e4bb42	timestamp	EE	SK TIMESTAMPING UNIT 2025R
bc2975dbda1c6b49556596cd206aa2b4c9b2de10d4672488985210bd77bf1f36	timestamp	IT	ArubaPEC EU Qualified TimeStamp CA G1
bc7a52f1153544eb716a9d34d0f4d1b05c4ba0783f4205388e11acb1bdf87c00	timestamp	HU	Qualified eIDAS e-Szigno TSA 2016 01
bc7b99951d243d6699d2ba0c0b758787615c4f75689c71604a27f3dc1e671040	timestamp	CZ	SSSVD TSU0201 05/2026
bc9a5377ff5b20551b9f2a73348a373c9c60ee9cd931b152bdb6be9dc02a1928	timestamp	FR	DHIMYOTIS - TSU20
bc9a91fadcf995868579d1ab3e886906fd073de8d8e33af2186dd2cb85d11aff	timestamp	HU	TSU2 2017
bcae85cb7561636c1b9604b4d451b24a7f213c6aace93d1e652ce3b9ca55cac8	timestamp	CZ	SZR TSU0091 02/2023
bceb58078d04d47bda7b3291ee43d60c8236e8d2a6c573a2078ee3f13283020d	timestamp	FR	prd3 melptct129 BPCE IT-SERVICE HORODATAGE
bd2318f64dcc529238bcc71c94948f7b9479a36e30dda65a520a356f9efb5ad9	timestamp	PT	DIGITALSIGN QUALIFIED TSA CA V1
bd239f564e3be7e0f9e496e7d5a3f0216b0d0f00b0d737cf44cbc72958927a81	timestamp	BE	ZetesConfidens EC Qualified TSU12
bd3ba9ada19e5880e0046632fdd1da96f62a4348ebbcff0309fb7896e1848679	timestamp	DE	DGN TSS Signer 20:PN
bd72d9e4277411dd370cb1aa906b95586cdc612f2073fd91b6d538725e8a8f51	timestamp	CZ	SZR TSU0071 03/2023
bdab304067aafe9599f39d24cb4db271270f591ca76654677483a40740385d5a	timestamp	SI	EIUS TS 2
bdc38c9f8f214a295f29341725519c5531a5a63df94e5075ef0cb7415b32f6e1	timestamp	CZ	SZR TSU0901 08/2023
bdf2e21d1e2984ad9b350c4367a574a91f227f9d860c89465385606c9e35894c	timestamp	CZ	SZR TSU0011 05/2020
bdfaa0d049ede5f6af00d62d1eed656b1ce3bc2a287e3bb2ec69ec63278c74bf	timestamp	PT	ECCE-TSA
be3295f4a042952670e76313bc9c354482d801d2579075214d73dfd498d07ce7	timestamp	SK	TSA Disig aTSU 3
bec486d6658582fd5be903829a6b54d05353adc944d126da2e6a0b50e5891bea	timestamp	CZ	PostSignum TSA - TSU 2
bed0f19ed46d94900d2a9fcd7c6f660b61ff7588d8b71cf8f279d5faa3021ccf	timestamp	LU	LuxTrust Global Qualified CA 3
bed8ff35f45c1f408c77264744a0946232434bdb4ff903447251358fb741aa70	timestamp	SK	TSA TSU01
bf12fb520d56e0279ffec4859d8476d84bc8d3baf36e2dbd05e481b195d773b8	timestamp	ES	ZERTIBAN QUALIFIED TSU02
bf1d8ce2130a70966d24a2a8103f3599dd162f7e6aa21ac4d5e87d2866076cfa	timestamp	SK	TSA Disig aTSU 2
bf5c077d574a673a315012848d833826aaf77f0321c896e7e0c9626b40152174	timestamp	CZ	PostSignum TSA - TSU 4
bf86bf3d5bd439ad69053c13555746cc82c798194a4d78b11d0a788cc651ce26	timestamp	SK	TSA Disig TSU 2
c0309c2fb48fb8b9f2fa2440661449cdfd2f01e9d46f98d6cfbc1fb0b6eb6db9	timestamp	SK	Time Stamp Authority 1
c0771238979e133acea4f18d691cf19efedffbc14201884f0e26c281f69a61c8	timestamp	CZ	PostSignum TSA - TSU 6
c085838d1028eb6160831d3b07b68a0a3a007a456b0c9e46c477c9c0f7abd8b8	timestamp	FR	prd4 melptct145 BPCE IT-SERVICE HORODATAGE
c0c9d434825c487bd8ee1c987766a52372d5e85120f60f36258bdc00c52adcf6	timestamp	RO	Timestamp STS
c0dfbdb3f6fb2cc08021c269b040752675054e90bedf2f23aa2f4d0bbc9fb8c1	timestamp	CZ	I.CA Time Stamping Authority TSU 2 03/2022
c1012245e852179d09a98e260a55d3700b907bf840468d3042d58e5161818056	timestamp	CZ	SSSVD TSU0151 06/2025
c1264fffd444bd119eaabaeceb768bb7f5ca8b62ecaafa8e34290110f45daa66	timestamp	CZ	SZR TSU0101 06/2019
c161787a747c7f6c9694d690144718d5cc29c7828f7442c6dad61c9f0cab4298	timestamp	SK	TSA Disig aTSU 2
c17c5355e71a1c22ac902e111e56d562101e962026c9911d917aa415368244a9	timestamp	HU	Qualified e-Szigno TSA 2014 11
c189e98e113ee8b026890851dab072b9a62f2ba67e3d79c6430bad220d0b128b	timestamp	CZ	PostSignum TSA - TSU 5
c1d50bb18575760ab63eaf10ba94bd3eef906f9dbcda30478eb8ef0f019ef47e	timestamp	CZ	SZR TSU0021 06/2019
c1ff592c6cade7412c13ca597a6d017c26dd474553bd87c130b97a9938bd1f41	timestamp	CZ	I.CA Time Stamping Authority TSU 1 03/2022
c221586497a57464ce925d3f282b14b18610c0db6f0e3a72ecb6d1b184f7a580	timestamp	DE	DGN TSS Signer 34:PN
c24915c7d5c72c8ace5894e6d5e8153e80d81bbaf07efe9cc98c27e4754f7dfd	timestamp	ES	Centro Tecnológico del Notariado QTSA G1
c2f76882ea9fb4a81c4b286d5a09e44bb10d4b36572daa7eac1e854b0e0da271	timestamp	FR	Universign Timestamping CA
c34cfac89dfe7077afb44753ad26656b0c0a8e629c942bb95062168608a483ec	timestamp	CZ	SZR TSU0202 08/2021
c364343a6cc300b5eeadd7e49decdaa42191f80cff62e2227f1236134a327555	timestamp	CZ	I.CA Time Stamping Authority TSU 23 11/2023
c3c3d1c8af35930d4efec0a8761aeef10da43f35eeb1fd8f1e0bf48007867752	timestamp	CZ	SZR TSU0032 04/2022
c3e912768b782e226c44fc0eb9f9bd9d9bd4bc19393cbd0adff47ed1dc8fcd46	timestamp	SE	IDnow TS TSA CA 01
c42a9b3172e12321f01c852987f72435c6935ec124205483a8191d52b55603ea	timestamp	IE	TrustPro Qualified TSA 1
c45bf06b6e8e8e3cb13aeae3b62d7e9c1143acf2a24b66b4dddf755dab53e856	timestamp	CZ	SZR TSU0091 06/2020
c4e3b27989c764f4b6a641c4df2e0ea07fada02aa32e65abc2bff1f960aceb78	timestamp	HU	Qualified e-Szigno TSA 2015 03
c52cf097613d423e9ae873994537d064adeb74a3f61b76c3bf504c72d77307a8	timestamp	SI	RekonoQTSA RSA CA
c561fa15c3a46536917c41838f5de981daac159a20ce1412d852a30430ed45c5	timestamp	HU	Qualified e-Szigno TSA 2014 12
c581c05872fd3d67d27a59f2ff6b1b14e4d0bcd75f03ba5052f997dee4b446e1	timestamp	DE	DGN TSS Signer 22:PN
c587f9039588dabf969a897a41db8cd4c97b9f847afec547b7fa9eaeb066f29a	timestamp	PL	CenCert QTSP TSA ECC
c5906aabe08199d1cfcf60cf5be56ef3377d3ed08a245ffca1dec14aa736ff08	timestamp	CZ	SZR TSU0042 10/2019
c5e10175f9b3a24f4a8eebf8c8054c02c75df164bdb57df85f48777ba7ec4c3a	timestamp	CZ	SZR TSU0012 03/2023
c5ee1923e828b7cb88758a6fccb373eac7d6101af42c3a5c7d225a8b8005cc45	timestamp	IT	Zucchetti Qualified Time Stamping Authority EC 2
c643403b3e269756754bd58e431acf71fc6b8ef8b4e71833fee9d586d5b2e6ea	timestamp	CZ	SZR TSU0031 08/2019
c762917cf7fa72600ae4cd89ddd41414b550897e61a5b52cb2ce014dffeb4dda	timestamp	NO	signicat-p-tsa
c7b39398e0f3f5f9e7643dddd64a3e0fed092a5a6b35b16ace3b11be383e7751	timestamp	DE	DGN TSS Signer 15:PN
c7e1033a6d69ba0541a952080522ebe126fb8b8333df65b48f95ba37688bd516	timestamp	RO	DigiSign Time Stamping Authority
c87c2d7b322f1a19af6bf34095a08275e2c16e0874343dfdcbdc79d0f0ee74bb	timestamp	AT	GLOBALTRUST QUALIFIED TIMESTAMP 2
c8ac4a309150128ee4fd219f466744e87d7e7781fee84de0fd8a951f1d52e510	timestamp	BE	ZETES TSP RSA Qualified TSU2
c8ca22f153f5064d8ead64dbdca1df8d2432508402d6876eedec22570f636df8	timestamp	RO	Timestamp STS
c9808aefdb0502485a26b00cfb4ba401dad7994f37678d63ed2d51b4df286a19	timestamp	IT	Namirial Time Stamping Authority 2025
ca02896f4a93a1055551f4aa9e2aaded2a246840e5a2e8b8c2c249e1cb53ba8b	timestamp	HU	Qualified e-Szigno TSA 2014 06
cab3ff70161d222711f50fc5f8e0d074a1c4dcd77b79bdc94905b54b617618a6	timestamp	CZ	I.CA Time Stamping Authority TSU1 03/2026
caf751fc37bb2e95ccebf765819c5eac79167529d9804cad4742bcc794d8dd42	timestamp	CZ	SZR TSU0201 08/2023
cb3318e88e441039ca548c83fb444d8b91fd3e78c7d317c6564dd16825154465	timestamp	SK	TSA Disig aTSU 1
cb3e8ce3b75d1d4fd4440a3beda57450850a55a52faa10a46d0323cde672e90f	timestamp	CZ	SSSVD TSU0131 11/2023
cb84d32e34c726aa2d7e29c5e568d3d41cec13c9df7be24602d0a251c7e21333	timestamp	DE	DGN TSS Signer 4:PN
cb9d99352ef977c772588b230e6d469b673460b7d19ccbff819c73e5da418301	timestamp	HU	Qualified e-Szigno TSA 2014 05
cba391046e865822f983ed9694c5c1f1665628eff6e20e2a670043ab718a77cf	timestamp	CZ	SZR TSU0112 06/2023
cbc6a158b8856917ab58f198a22d68faf7bf983ec05e06e9ed31143184191d44	timestamp	CZ	SZR TSU0081 06/2020
cbd9b3873aa5fcd0289d2d2f888c1b01b4d297103a9eba7f5274e2787e446096	timestamp	CZ	I.CA Time Stamping Authority TSU2 10/2024
cbe97296e2c5666bb9bac6a17a74d1e2047e6ed5da52eec0ad60a88694045bf8	timestamp	CZ	SSSVD TSU0101 05/2025
cc230561ef322a5d06f4981d638c88bd94128605775b9be09cc320d9bb66c167	timestamp	CZ	SZR TSU0071 08/2020
cc2af27dd8a9f4c19a480c82cf677a2d798e6c113702a6c13e8252adfbf307ab	timestamp	RO	certSIGN Time Stamping Authority 2
cd012ba26422eb1890ccb9c58a3fc92e7114485fcfe515ec3f749bc4727bbfcf	timestamp	FR	prd5 melptct082 BPCE IT-SERVICE HORODATAGE
cd0a3e00a1bdae3a159fa9e3d70f8e664f560fdce16357cbe440ed0b0d88244f	timestamp	ES	Sectigo Qualified Time Stamping CA R35
cd1c752e32747291264fd2a34edfbaa3405f74d71682ebd74044dcf59f4f79b4	timestamp	ES	CONSORCI AOC Q TSU 2025
cd6f87f11a2b271e11a61bdf837233021808de812564d4b9eb36529d9f55cb71	timestamp	CZ	SSSVD TSU0091 03/2026
cda7ce61e65cde318e7a38d7cca77d525029ea0c1c20ab08c8f6afe79e09f0ef	timestamp	SK	TSA Disig TSU 1
cdb947b79dcbb7b82b436c14fcaf9304c2cf3e97f7d6db71576bf6f23f3d9b45	timestamp	CZ	I.CA Time Stamping Authority TSU 2 09/2018
ce37465d18455a7b0566dcfa877cb8666602138340f5a1c3a30b7c248985dec2	timestamp	FR	PRD1 melptct100 BPCE IT-SERVICE HORODATAGE
ce4721db0e182d5ebd91896eeca140966f30645c980dc0b6c484a0b61a0c3d73	timestamp	CZ	I.CA Time Stamping Authority TSU 2 01/2024
ce5051a788145b0e68686e0f41d6cffab7544acf72583eae711265e7168f2afd	timestamp	CZ	SSSVD TSU0022 09/2024
ce82190a5789052d87905689c7d326010df6caf95c7b8fcbfaa1fc31ff9673d7	timestamp	SK	TSA Disig TSU 2
cebcfb191eb839e43531937c13c45e259ea19ca385edb151beb6b03c5954c05b	timestamp	DE	DGN TSS Signer 3:PN
cfaf32832f6a9ffc581ca76605159874f766c91a37d3f5d39a60cc06ed2c4439	timestamp	CZ	SSSVD TSU0142 08/2024
cfb8a2418be449672e5c8f1c2ed499fcddd13a0279cd83867cde6e6aaa60913b	timestamp	SK	TSA Disig aTSU 3
cfcb60c1f0180c68e3ea5d24b4a05e9d9900d87c3d83d503ce1690b3c1656458	timestamp	HU	Qualified e-Szigno QCP CA 2012
d03120a3ba1ffb8aa0aa16b2370ccdf9ec6b4acd33892befb016cdaf9f65fd7b	timestamp	CZ	SZR TSU0202 08/2023
d07d888a9518dace86e0f8786f532d7dfbd73be395ba458a809814fa9de9ced2	timestamp	FR	MINISTERE DE L INTERIEUR-HORODATAGE-MI-18
d097eab93b7c4cf1db7b424a4fdc1709d06492abbbb8375eb0ff76a90acb771f	timestamp	CZ	PostSignum TSA - TSU 3
d0c6c165449e744fa07d4a3b45632b1ce38f716e0ecf9bd888a634faaa588f05	timestamp	CZ	SZR TSU0091 07/2019
d101ad680de238e4218fd7949a1d4052f71aa99494e09a6be5fc3956021079e0	timestamp	SK	TSA CA Disig
d11f438f7ceeb3d70b5aceb0a10155643bbfd44643c29a014c08c1ee0dab5b97	timestamp	SK	TSA2 CA Disig QCA
d1547418e06d72a1d7ad7771b19218625091f08d402be4ef1d8182557b36e08e	timestamp	CZ	PostSignum TSA - TSU 3
d160710b0e522d905c4a926dfd9fcfe47cb11169706cc701ea075d41ae201b1b	timestamp	HU	Qualified e-Szigno TSA 2011 05
d1c01ea7377cca5190e029835a0e0ced1c0aa88d3302bd3e2aecdf7cbd0ee368	timestamp	ES	AVIVA VOICE QUALIFIED TSU 02
d265bfc4cfc7dec005fa1ea8b16b2e3d9988cde051baa7dd77298d25a28a93ca	timestamp	HU	Qualified e-Szigno TSA 2013 07
d2feba3ce07f3264b4113d6d5d60a9c12df967bf792c6474dd071f83c8c630cd	timestamp	CZ	TSU3.6
d34d766d0feadbac9a43620ca47b7d1d86f553de51c809d77c85e52f5fe24560	timestamp	HR	Fina QTSA 2017 10
d3ff348652bb67bdc506b963467ddacab683ad486c9f1687cb9740ccaae98a72	timestamp	CZ	I.CA Time Stamping Authority TSU22 10/2024
d45a4a4c065e935d139f802b91675f3604cd776641f8d6d3e8010fd728e557a4	timestamp	HU	Qualified e-Szigno TSA 2011 03
d5089db956908ec54dee543be2af38c81a5250c3ad18d4d9ddb09fc1731700ee	timestamp	SK	TSA Disig TSU 1
d524ceeff5564cafdfe1172eb3866da26131eeb5a754fbade7f4714ab30b424d	timestamp	CZ	SZR TSU0101 03/2023
d58f736707172c0eebd73f8a6e10698be6bf5baeed6323dffddeb118385be990	timestamp	SK	aTSA CA Disig
d5d5f2b20fd586f63b54d1f635b0b1242d9c0adbcd78d0f6c27be2594976632e	timestamp	CZ	PostSignum TSA - TSU 4
d61bc9e54dd5ba34bf01fc87dde6c30874989557c8620193570735559b823458	timestamp	HU	Qualified e-Szigno TSA 2013 05
d635fd213f8b16cfc07e83d4738f123d0b150acf72fff4398dbf22d6fb3d2675	timestamp	PT	Serviço de Validação Cronológica do Cartão de Cidadão 000014
d711888abd08d6082a4d88ee0f3b47e13fd93c69b4a3a8881a4e69189b970408	timestamp	DE	DGN TSS Signer 33:PN
d735b606fd7c9eff6cf69420ec7c6a2c959e192ce2db6cb772ee833d2cc2b1f4	timestamp	CZ	PostSignum TSA - TSU 6
d743322beeb7792f724dae7f93ddf13dc5c4961b9c16a284e6dc1e7974a07015	timestamp	CZ	SSSVD TSU0081 11/2023
d75913407e3a05452de96be4be27243d15d08c2e63407d94564d7af551ca3f65	timestamp	CZ	PostSignum TSA - TSU 6
d7653aecbf2cbb44602d156c80b0827554866bfd9ab83678c23681efc41c53d9	timestamp	SK	TSA Disig TSU 2
d78ed3f777b96a4aa58f12d5443c5d8e9b75a4ab747ced0fd1b2e796c47daefc	timestamp	SK	TSA Disig aTSU 1
d818f381290ed05fd143aeb645afb7658cbe3a7d9d58450cf41c5e08e239dd69	timestamp	SK	TSA Disig aTSU 1
d86e6264d58e4ca78af419740d8186ea8ec48f0c33b4b4d7ca027931d627b1c8	timestamp	BE	GlobalSign Atlas R45 Qualified Timestamping CA 2020
d8a7a2ef64475c23a0c165070fe92262d0fbd714c63ea5b649f1878e8b7b46cb	timestamp	HU	Qualified e-Szigno TSA 2009 05
d8ab7bc873c255bae1538e36d873c59b1f89e4ccd555ba641e104630c701797b	timestamp	DE	DGN TSS Signer 49:PN
d8cf422c065916f308b3142f8a8a45f835ac34276e7eeb342e5d9ca6c2b9567d	timestamp	HR	AKD QTSA 2021 1
d8e2f0cb9f9a872fb1429695bdb6adcb368939b918247a7e68e99d63ba86c8f7	timestamp	CZ	PostSignum TSA - TSU 6
d8f4b5793afa2fb71656af53b032ddc982bca6982e43114bca31f3a0811b545c	timestamp	DE	DGN TSS Signer 5:PN
d9142983badfe955a38bb5b4147d4abd7c23bf7b834b41d96d76b097f2e6bdd8	timestamp	NO	Signicat QTSA CC 2025 v1
d947d11b34835d72f6d09abe211e98831c8f49c9ccbbf21ef5a9d0188b3ee285	timestamp	PT	Serviço de Validação Cronológica do Cartão de Cidadão 000013
da6779bc83e12fd42fdc4a96edc79fd818a1d50ca13b794297fabb902596c16e	timestamp	CZ	Komerční banka TSA TSU02
da86bff51e0821044c1863ad701a227adac9450f0056c2e8c98d3c5056edd799	timestamp	CZ	I.CA Time Stamping Authority TSU 21 11/2023
daaa7bb9ffc231a0a774cd90a04547ed91adb64dd348d1d5ff6a527a4da3e62c	timestamp	HU	Qualified eIDAS e-Szigno TSA 2018 02
db48374b1bc9dc3907e898f75a97d4ee0eecc5f1fd1ab532a99816455ae87bbf	timestamp	DE	DGN TSS Signer 29:PN
db4eba786db22a7c2797f37b065fc8b3825d7df67218be3f57f5f3f355448342	timestamp	CZ	SSSVD TSU0131 04/2026
dbe7c64acdb25a71490d6e2398cec438afd9a11435ce06f8f4381303369ff9d9	timestamp	CZ	SZR TSU0052 10/2019
dca9e83b87f57ab0900023a443b0b2c24c42a4bf8dc05eb40b34ab867d8fb74a	timestamp	CZ	I.CA Time Stamping Authority TSU 1 01/2023
dcba4889ed0c2092ee34d19ac02c518df790e846d7f0d8f5ba6f68a9a94ebeee	timestamp	PT	Serviço de Validação Cronológica do Cartão de Cidadão 000010
dd324fffc35c76339c5100889e810a24bfa7cc0a436fd6f8dfc0251def828042	timestamp	DE	BVtrust qTime CA R2022
dd4c568ef5a6eaa7c214937b55e734aeec397ab3ea20304c57daf7ae692d506f	timestamp	FR	prd5 melptct079 BPCE IT-SERVICE HORODATAGE
dd8341bfbd2cff9be2306db852d7617023515ec4952f1f18e6304bb52b50b918	timestamp	NO	signicat-p-tsa
dd96535cbe4ec6961e8742a687fcf77618b0584f4bd902ba2782e8acd70bddb7	timestamp	CZ	SSSVD TSU0071 06/2025
dd9fa0e1dc790d3b3a7d29e9a492f72be301d8b62e63c31720238ea6b9e30f6d	timestamp	CZ	I.CA Time Stamping Authority TSU 4 01/2024
ddd8912ee93608be991c15d636d084af0928425c6b37a0da2db16e3f72084b1e	timestamp	LT	BalTstamp QTSA TSU2
dde60cd68b3b21d03ccc25f32501435a058fef3d94ff71592ebc546b13b37a81	timestamp	CZ	PostSignum TSA - TSU 1
dde71bbfbd38f6a0b482e24d0836ede668af3bc7aa3e410adfe892ebe6eadc90	timestamp	RO	certSIGN Time Stamping Authority 2
de0aa56dd52b3079acb8e0ac2ccf902551209e52c45ad5494d44a4865d62ac0a	timestamp	RO	certSIGN Time Stamping Authority 2
de461b4c32cb815c553a096816fbe6dbcfa00fe9b8aa120e4e70ecefb7f78c41	timestamp	SK	TSA Disig aTSU 3
de51752eba4617618b1e4e509fd28ca96763f18a8d29233fbef1d3c334477d3d	timestamp	CZ	SZR TSU0111 06/2023
de7d787309edc3ab9f513585851780a72b0f88052ac25505de63b0c1a9ab08d7	timestamp	PT	ECCE-TSA
def00d67b0fe0958eb752f19c5933e07ec78eb832f090864e93219e234395ffb	timestamp	FR	VAULTINUM - TIMESTAMP CA
dfc1d0420c5863bcf556df87379bf2831f9ca2d47f3738ef498fc8f6e95f4721	timestamp	CZ	SZR TSU0111 11/2019
e0c4e9064d0e7acc2122ef69164fc675ef5852b547083de7ec6fdcd16f05f2dc	timestamp	CZ	SSSVD TSU0202 07/2024
e0fba24cbc1a650ae93e6acd01df99457feb261492dc42dc309cb3d8e6a0b85f	timestamp	EL	ADACOM Qualified Timestamping CA
e147d6838f820b2793e87cb3aa2e2bd3cf8293dd0cb2d95010d2b93f1db1dec3	timestamp	RO	SRI Qualified Timestamping CA
e172a0e72de0060bc5963493c8710cd146ec5e59da36c700d5443e3fb2c17abf	timestamp	DE	DGN TSS Signer 18:PN
e17bf59bf7d85e9b55ae5f6c19fac8afad301094f8d08792dc48d114301cf12b	timestamp	FR	prd4 melptct147 BPCE IT-SERVICE HORODATAGE
e18a44d54aa6dbddbe794a3195d95876b6b457f57c3f2d8d401c13da92b4c9bb	timestamp	SK	TSA Disig TSU 2
e2213da9d675529d8727b147b626db12e2e78c2478a0049d7c1876beea47a35f	timestamp	LT	MitSoft QTSA TSU-1
e24244adf7bce2beb70229e6aeb748b611385270509e12d6af03041b33eba5b7	timestamp	CZ	SZR TSU0071 05/2022
e29f764d5c4897feb78bc47d744bf819d364c4bc5deca2d0958a5f3c2cc8ba58	timestamp	DE	DGN TSS Signer 47:PN
e2a73af9a76a48c2a7814efd85d6e49a4238a7d8c26b5e1a33feacfc422d0bb0	timestamp	CZ	SSSVD TSU0042 09/2024
e2d91ac15c05aed960b07050cbfab50483a4bc19bdb69c977fd0c242c3ecd415	timestamp	DE	DGN TSS Signer 53:PN
e36c91997c253a91d2cc5281c965be9775f0855bbf7088aef162f8caf4a00223	timestamp	ES	AC CAMERFIRMA QUALIFIED TSU - 2024
e45583b9009179def4c966d6a2118b7ddad37bc2fa7f4f5a412b58147f8191d5	timestamp	CZ	SSSVD TSU0082 08/2024
e4a0d41763942fbb3054035741cbc38fff554afb2fa7ea2b5d0f4c5ffd4e6366	timestamp	CZ	SSSVD TSU0061 02/2026
e52390abaa8cdf2879a4deae22ffacfc990e07a78f37564c51a4e92e462906f5	timestamp	RO	ZIPPER TSU 2022 A
e5636101a00724e407af5645e4610ce4a45f86cc7e253df8a83bc6e3d87df3a2	timestamp	CZ	I.CA Time Stamping Authority TSU 2 01/2023
e58965e4489583d8d69c5704928e16046a6601b44bcede8c313bea707acd6f35	timestamp	ES	TSAQC 2025
e6175eb6397c0a288e154abced64db022e8cfe53c9596ff957a90bf81c9aa3a7	timestamp	ES	FIRMAFY QUALIFIED TSU01
e61cab0108f77eeb92405fbd6ca74322bd86dffd9377461cbe9eaeb2c78802e6	timestamp	SK	NFQES TSA2
e64a47c68eb42ee6d55535d70f95e1cadd2fe6c560fdbd6fe63ecf51629874fc	timestamp	PT	Global Trusted Sign Timestamping Authority 002
e6739dab09e5826cd1b85e52847fc87de343c424aea7d362c0d9f71294077276	timestamp	IT	InfoCert Time Stamping Authority 3
e67a2e758c88735d5a76f0ba533b36338f5a9db9054ce5831c30a1049f125c1b	timestamp	ES	DIGITEL TS QUALIFIED TSU 01 G4 EDCSA
e69064e5c5836fc21d18061365cbc9d74ad819beb324c8b835f8db914d4ca5d5	timestamp	CZ	SZR TSU0092 11/2021
e69a32ea707c71c1633f7c9cbfc60f902c50081d97473163ebf7098d5df36f30	timestamp	BE	Timestamp Unit 202302
e70e1ff7578b2608a243ee1be7d0860d321523ae7512eba64faec2291a29f952	timestamp	SK	TSA Disig aTSU 2
e75a6d7cd0f84f12d486f6d3125357bef9edf54ee694307b3ed82646087213c0	timestamp	HU	e-Szigno Qualified TSA 2018 01
e75baa71453edfdc21c3bec059714b63360fd3d6c902109115a47e7c650ebc42	timestamp	IS	Signet TSA 2023
e7c65d949023e16997d4ba13a6f7ccb4c72fbcbcb172aa79b3b75d72d4f82b3a	timestamp	AT	a-sign-premium-timestamping-10
e7c84721d886b52da7264b6d132eaedabc51b8812c0f3e733204e762edab31b1	timestamp	FR	PRD2 melptct111 BPCE IT-SERVICE HORODATAGE
e825600e626e6d8799b516fca16b9cbf2de139b77531e381529514ecbd1eec41	timestamp	CZ	PostSignum TSA - TSU 1
e84e50a716c95fe02e163291746d0e1fdfd39c4e3142c8afda1c588a39bba236	timestamp	CZ	TSU3.2
e8627ac236183a420e1513839aceeef833d27a45512717a9bafde8506bb5c1cf	timestamp	PT	MULTICERT Timestamping Certification Authority 005
e871a5fbab782cab789d26e00b3dca47c8c96667d172e410005d00f7f0b1ac9e	timestamp	BG	eDocs Qualified TSA
e891cbadefba6db1ea0fae5f5fe5e3880ba604806a6996b8ba4c50ae6186e6b6	timestamp	CZ	SZR TSU0111 09/2021
e898ce4de886fd7e49d1f39fb6d61574415ca3a78d151eb644ac511e60c65a85	timestamp	IE	Adobe Qualified Timestamp Service CA
e8a4498db6cc4c22daadae8bb4462b5e4905d59f1518355f3e65334fd3c0d885	timestamp	FR	Sunnyseal TSU01 Qualified eIDAS Timestamp
e8c75dd5949037f9baeece67be4bef9e5cef371c0102c0c0289c889dd591a3af	timestamp	CZ	SZR TSU0022 03/2023
e8f75ad5ce0897d95afdcaac28758211687ea40d3fced01c806aca085e643d1e	timestamp	ES	TSAQC 2022
e90da485ad65a42974409f1bd7a4a1a435f35038d2e71913e4688aa218b8448f	timestamp	HU	e-Szigno Qualified TSA 2017 01
e951ba1774d8977f81e9b8fcf1af9899870dc808c3466b1e163d6ec94bbf362f	timestamp	HU	Qualified e-Szigno TSA 2013 02
e961d151b09b4ec057a4ce932f1860af9b94620ed94fba4d64405ba3fb76cacf	timestamp	SK	TSA Disig TSU 1
e9b02e0ce9ed5bc949204b1749d78eaff6e6fd26f8f624b52d2d015dcf59bb3f	timestamp	HR	AKD QTSA 2021 2
e9cce9188cb346facd780bda5ecf929a2edb55e5a42cfacd6bd5b1b160709ff2	timestamp	FR	Yousign timestamp unit 8
e9d12848e038472b3ef5e33a3781d56f0c39101978fa8c9bbb51093473f2422b	timestamp	DE	DGN TSS Signer 1:PN
e9e988f2103421f7a1b9e5d769d13657926c21c0cddcafb7ee3b666d0a6fe414	timestamp	RO	ZIPPER TSU 2026 ECC
e9ff0b596942f31d2d3c04e96851c9f635293b04641b45f362a898d74da97369	timestamp	DE	DGN TSS Signer 48:PN
ea0347cac80706ab2edd4c095d1a8ce0963eea5f6712776d50206505b7dd46d7	timestamp	CZ	SSSVD TSU0101 02/2026
eaebd6e20167de706c42578552fc46dce8e5e0db5528c2941f6ca773f0f6dcd8	timestamp	CZ	SSSVD TSU0901 11/2023
eafab360b8499fcd4a2dea2b697006faea17f2c81478dda719b8b7f20784cc36	timestamp	CZ	TSU3.13
eb0544a8bf75c284503dfbcc5bc8f91fdea8099d10efca0febca31a1ebea8854	timestamp	DE	DGN TSS Signer 30:PN
ebb9ce561d0bee9ed95c36ff1c754141749bc5fe5b5065ad84f11f75ad15df8d	timestamp	ES	Validated ID Qualified TSU 03
ec2095f523fd73600945b87334052a098270939f359c7a85a90623febfe8c22a	timestamp	CZ	Komerční banka TSA TSU02
ec388283ecabbc72d90a9dbc06ae1338a633bffa0b16777378e27b867550e5d6	timestamp	PL	CUZ Sigillum - QTSU1
ecc7398fdfbc16e3144547e2e80a64f81f9bf75023eaf94ff970b2b1e06f16a8	timestamp	ES	MENSATEK QUALIFIED TSU01
ecd403976226b219d5d1bb2595b52deb7aa7ada218f2c7403a63f05088240300	timestamp	NO	signicat-p-tsa
ecdfe7ce4bf66d7bbcbe947bd98b4d40ee06a658fea98149d41b8f719cbc13f9	timestamp	DE	DGN TSS Signer 19:PN
ed765bc3db1b00bcb6be19451f38a6ec1c32d9637b416ab3e60a2ad4d4ab3699	timestamp	CZ	I.CA Time Stamping Authority TSU 4 08/2019
ed794df43472fe80e81975b7ea6079c68cd20747874647224a1f77712521b0b3	timestamp	FR	Mediacert Timestamp CA 2021
ed8d499e6f4583cd35d02b07d4ce9280a50d65a7471dca41dd46729ed95a9d5c	timestamp	DE	DGN TSS Signer 21:PN
ed99420787764428f53cb6cf1e3f419e7ac0999690b1c352836330f665acd7b0	timestamp	HU	Qualified e-Szigno TSA 2010 03
ee1a670ac0b4005c94e57e61fc93b5886276b1e09fc78c0c30dd3f6461b34bca	timestamp	FR	DHIMYOTIS - TSU22
ee2b8593a8f14c7718387ea5d99bc948e8c3c101107af903558d4d1945b225ab	timestamp	CZ	PostSignum TSA - TSU 3
ee2e4caef5e5fe58b81db21c43a3343095959cc5f9c36179b8bc1963be0f6324	timestamp	HR	AKD QTSA 2024 1
ee63165a4461c3dda31202f86e18ca6504ad28f427be43fc4370102281e4609b	timestamp	CZ	SZR TSU0041 06/2021
ee9ba25cca0269c3ca3333e63797b2b9ea64b4915a7168e26a73b75134587072	timestamp	CZ	I.CA Time Stamping Authority TSU 3 01/2023
eea0346290d7b672d11bb4739c5a3f870bc7356326a2cec48d8aeb7d48ef6314	timestamp	FR	DocuSign Time Stamping CA - G2
eec80be25941fd915678ca1e22fd2efdc3248151af06a38baf9eb5434e1c26d1	timestamp	CZ	SZR TSU0902 11/2020
eededc8bfa21d48448e00e400bab18a7fa2978f47e39a3d215bc28b32c701d9d	timestamp	SI	SI-TSA-2
efc975e34012a8aca5c8d2882cdcd479862b5fc9fab1c9d9cd6a2671d2c27c4b	timestamp	SK	TSA Disig TSU 2
efda06307a3a5713ca3764decf410bd3fe0c4e8cc2c173bc51c2207f03451ba5	timestamp	CZ	PostSignum TSA - TSU 7
efde968b376b1345c726669d72f8ee1aeb8270fe4ff7963ca4816b9793904e05	timestamp	CZ	PostSignum TSA - TSU 5
f0f69ce2d1e07a93db44b4de4dd58f90c32a032c22dfc07bdd05b9e951123374	timestamp	CZ	PostSignum TSA - TSU 2
f12162d257ea0f195e1d1906826deb1321b7a19ba98d8529c7db542d501de221	timestamp	ES	Autoridad de Certificación de los Registradores - TSA - 01
f165a441df0d7605d1af67ca131fce6c210c408b8352fa5db2e1ed822eca3d8b	timestamp	SK	TSA Disig aTSU 1
f1f4e0a710055dd429c676c356a6904e4a20b51490dfdd698421a8f922ed5f11	timestamp	ES	INDIZE QUALIFIED TSU 02
f274551c4dfb5646dfb5c1c0ee93abb27df07b865459328316cc05827e40f0d3	timestamp	DE	DGN TSS Signer 17:PN
f2fa5a1c5451b565e6232daafee63b22ab48fc5341c4901a4f9b948e38e3b10e	timestamp	CZ	SZR TSU0081 02/2023
f3241996b1055b1d82700541d48d9aebd00021c7e2c8cdc1bcb5f9c487c8c7e2	timestamp	PT	DigitalSign Qualified TSA V1
f340d93532ff69d90607a491f4039fa3d083e528d8f8631867c25a231b14d2ce	timestamp	PL	CenCert QTSP TSA ECC
f36680841f7a894c4550623f1a0a40bccc64a732fc666091f73ec88a1cf11d73	timestamp	DE	DGN TSS Signer 24:PN
f3d6ec39a323267799c15216d54ffdca03f7407732dd02d03e2859802b86b16e	timestamp	CZ	SSSVD TSU0062 02/2026
f402adf4b69a1e14ff131bb6809d98f97dbacba5a9b6f8c4bf29fbb2de38f5e6	timestamp	ES	IvSign Qualified TSU 2026
f413818243570754208adef810b9f6a9bffd44bf02f805a5a191101aef518abc	timestamp	HU	TSU10 2021
f49862287e94befe6da93b13b2e1d0037f34629f12b0260957def3a1c46df544	timestamp	CZ	SSSVD TSU0071 02/2026
f4b667b7d7e41d85ed7a1bccee875155f1512b22cd232e61a4f1be9ce68500c0	timestamp	CZ	SSSVD TSU0052 12/2023
f4f7c135541795228092e5818848fc9bdbabd316ec91148c9fa5e9cff5ef9a31	timestamp	CZ	TSU3.3
f4fe4d34bc92b27370ae681e5feeb5d68efc31c96001ee92729bacff195c4858	timestamp	EL	BYTE Qualified Time Stamping
f539bf080a8ba8e46ccd9ca971592fc1e5915300dd898e926def158b0fefd780	timestamp	CZ	I.CA Time Stamping Authority TSU 1 06/2021
f589e3afb79bb35576f5aff4773d306a26914f43a95b282df63ff3a46cfd8925	timestamp	HU	Qualified eIDAS e-Szigno TSA 2017 02
f5b9f300a0726c3ecc4e641372b8f766d67c18fa428727197ddf3df8b5c46e69	timestamp	PT	Serviço de Validação Cronológica do Cartão de Cidadão 000007
f5bedb90eb8a9b94e2a5d4e424251b3fce21fa60472177fe8fdb545659bd36c3	timestamp	CZ	PostSignum TSA - TSU 3
f60d07968890f34ab600277d64c0602d541a4692a5c3a33632e32dd109b40e66	timestamp	HU	Qualified e-Szigno TSA 2014 08
f636ae60a32b54a134d9a6e375f5bcfbf6804d6be2e4b348ab8210f4e4ed6c58	timestamp	SK	TSA Disig aTSU 2
f6d32dab3127f50b88a1a536aa8322a173a34b82c6becf4bdd9a5d36fb490804	timestamp	ES	DIGITEL TS QUALIFIED TSU RSA2048 01 G7
f733bb2411044ad911fdee21ee0359a92cc1ee6c152f51a41189c93085af015b	timestamp	DE	DGN TSS Signer 7:PN
f74b39f4f451a88444b8bf734f6113545f7766ff0be4e69a52b6f3795a3c1667	timestamp	HU	e-Szigno Qualified TSA 2021 01
f754c05b1f837eb7dc38c9371f6656d9aae18407bdd45e1c768f43ea78465bc1	timestamp	CZ	SSSVD TSU0901 05/2026
f75ab910b0d97fe7443d463808576fd5a4c5419c70126378c5b07fab48580fb7	timestamp	HU	Qualified eIDAS e-Szigno TSA 2021 01
f7c9723be8ac0b3050b5cab44d813d5565279975942e22bd3357480c443e9128	timestamp	CZ	SZR TSU0052 08/2020
f8adc2398dd8494f7c024326b5248bda678f789ff11f0f12f9dd849b3e2ae86e	timestamp	SK	TSA TSU02
f903deed9b6be573867a0629c065c88dc08dbd2b5b12025e561a85bb504d5c1a	timestamp	CZ	SSSVD TSU0012 02/2026
f90b3defb5606892fdce98bb892dca49f63876c8538f21ce3674421edb38b3cf	timestamp	CZ	SZR TSU0072 09/2019
f95682a8256c60a8904271ae408c862353e23621d27f4cd858816bfb13309ca5	timestamp	IT	Namirial CA TSA
f95bbe8189afd5cf14d3b15270abd29d90bf1afa28cf0d78d47d4cc18669207e	timestamp	HU	Qualified e-Szigno TSA 2013 09
f96fe759d3e190503df227bbec81dc17229286c532bc605951b653404d146a0b	timestamp	LU	LuxTrust Qualified Timestamping CA EC
f9885503ef87a30f9e95dff53b0baf31b088df0f20e14deeb9c9ef62d452d888	timestamp	HU	Minősített Tanúsítványkiadó v2 - GOV CA
f9a8c8e80b6fad0d0b3058ef6365a7321c907f94bf84486787d07dd94f227ef7	timestamp	CZ	I.CA Time Stamping Authority TSU 6 01/2024
fa10a624eecf43c5c98d20379dd6a281edae3b68f4930bd6c136740a7d4e0442	timestamp	PT	Serviço de Validação Cronológica do Cartão de Cidadão 000009
fa5d654bde85119477029dcacfc32f3f9ede912105141a3f11a22ab333ca3949	timestamp	ES	Qualified Time-stamp Authority G3
fa841d63bd2fbb69174693b2e1d25b2ba6e4d0527677e0f810b1e82708761448	timestamp	SK	TSA Disig aTSU 3
fb050720d29a77937fc5421fa49ac38cfab6acfe92da6b740bd1ccfd8609fa34	timestamp	DE	DGN TSS Signer 11:PN
fb1fa7d3090d257800c30c8407b208b7cdfbc80b3eb011d9c04ef5999490a627	timestamp	CZ	SSSVD TSU0051 12/2023
fbd7de67e03f1f1756cb1742abb1403d35d32726771a41144f806ddaeed3ec88	timestamp	DE	DGN TSS Signer 31:PN
fc356d5ef157d8792a9b55d7ef9e043c0e3e794c5c1d392adfc32cbab6768b06	timestamp	HU	Qualified e-Szigno TSA 2015 11
fc9595c7224db11bd62a766adefffe3827ba96adc82677e1788220592b3c5d28	timestamp	CZ	SSSVD TSU0151 02/2026
fc9a8444cdd29a92c10ff1bb041f1676c155b357a134378a4fe16e1c97d5c29d	timestamp	RO	certSIGN Time Stamping Authority 2
fcf07a6f587f29465dce78466bac55e7d11eecf88a7cd19fdd1fe63119b6a135	timestamp	SK	TSA CA Disig
fcfd3df490b9a21b3fad582011a2e6d039561796ac5d850d01b65ac5dda4a3e9	timestamp	ES	AUTORIDAD DE SELLADO DE TIEMPO FNMT-RCM - TSU 2023
fd032b254310cb1d26216d544c0a2920e6317a4d87537c7c4a0c74b980cf7353	timestamp	CZ	TSU3.16
fd3e3d9b8e5f3a46203b91ebaa2949af2f9e0132633e0428784ee804e5d1d308	timestamp	PT	Serviço de Validação Cronológica do Cartão de Cidadão 000006
fd640491efd51257bdb9e1f420bd98c5d5db6a65d0f0f54390b3e30913a07c54	timestamp	IT	Register Time Stamping Authority
fdd5aadd52b5995ef4b4a933a789746d4559daf2f1a15a594bd151aa18d99939	timestamp	ES	ACCV RSA1 TSA
fdeacf9aa838d367a0ffb28cfad64fb876102cff183c87046d2f6c723de02e4b	timestamp	SK	CA Disig Qualified TSA 1
fdee568a28bfef94bd19ac3f891db83e726b0bab1884bf90b0fc919c8418626c	timestamp	ES	tsa.izenpe.com
fe0fc91a867975373ed2872cb3bd3db708256d7c3a978486af001cc008c1ebcc	timestamp	BE	GlobalSign Atlas E46 Qualified Timestamping CA 2022
fe345ada19100e33c7d3faf6dc890b934570e872f6bd8b3a16dbfd2b000a06e2	timestamp	CZ	PostSignum TSA - TSU 1
fe6d9bf81d8f9fdc8ab4f25aa746c422e30ad267b5284e538179c2c26ce880a7	timestamp	SI	RekonoQTSA ECC CA
fe718f2a20672250ddb08b80222c819047e6826987d27ae458543cc7140314d8	timestamp	CZ	SSSVD TSU0061 12/2023
feb472ae1f58cca3a045b82f2516d31114c400b415593e31ed7cbcd49017e620	timestamp	FR	DATASURE - DATASURE TSA02
ff3f5103b6016ea5c3d7936828ea5215ddd197bb637b1291570bc49314caf23b	timestamp	CZ	TSU3.12
ffcd8472157f43f8ddfaa0760560d0c1a21030d10ac56a0575d69c80eedabc5f	timestamp	EL	Time-Stamping Unit 2019
